date,bullet,blitz,rapid,classical,correspondence
2021-05-01,7,3,0,0,0
2021-05-02,0,0,0,0,0
2021-05-03,0,0,0,0,1
2021-05-04,0,0,0,0,1
2021-05-05,2,3,0,0,0
2021-05-06,0,0,0,0,0
2021-05-07,6,0,0,0,0
2021-05-08,3,0,0,0,2
2021-05-09,10,0,0,0,0
2021-05-10,5,7,0,0,0
2021-05-11,10,10,0,0,1
2021-05-12,3,2,0,0,0
2021-05-13,0,0,0,0,1
2021-05-14,28,0,0,0,0
2021-05-15,9,3,0,0,0
2021-05-16,7,2,0,0,0
2021-05-17,0,0,0,0,0
2021-05-18,4,0,0,0,1
2021-05-19,1,0,0,0,0
2021-05-20,18,1,0,0,0
2021-05-21,1,6,0,0,2
2021-05-22,1,31,3,0,1
2021-05-23,1,22,0,0,0
2021-05-24,0,22,0,0,0
2021-05-25,23,26,0,0,0
2021-05-26,0,0,0,0,2
2021-05-27,52,0,0,0,0
2021-05-28,7,6,0,0,0
2021-05-29,0,12,0,0,0
2021-05-30,0,16,0,0,1
2021-05-31,8,5,1,0,1
2021-06-01,3,5,0,0,0
2021-06-02,0,0,0,0,0
2021-06-03,4,5,0,0,0
2021-06-04,14,3,0,0,1
2021-06-05,5,4,0,0,0
2021-06-06,3,3,0,0,0
2021-06-07,27,9,0,0,1
2021-06-08,9,5,0,0,0
2021-06-09,35,0,0,0,0
2021-06-10,13,1,0,0,0
2021-06-11,55,3,0,1,2
2021-06-12,7,0,0,0,0
2021-06-13,9,3,1,0,0
2021-06-14,5,14,0,0,1
2021-06-15,0,0,0,0,0
2021-06-16,1,0,0,0,2
2021-06-17,18,0,0,0,0
2021-06-18,0,20,0,0,1
2021-06-19,0,33,0,0,0
2021-06-20,20,3,0,0,0
2021-06-21,45,0,0,0,0
2021-06-22,42,1,0,0,1
2021-06-23,29,3,0,0,0
2021-06-24,12,2,0,0,0
2021-06-25,9,14,0,0,0
2021-06-26,36,0,0,0,1
2021-06-27,3,0,0,0,0
2021-06-28,45,0,0,0,0
2021-06-29,28,3,0,0,1
2021-06-30,21,19,0,0,0
2021-07-01,5,19,0,0,1
2021-07-02,8,0,0,0,0
2021-07-03,11,10,0,0,1
2021-07-04,16,2,0,0,0
2021-07-05,3,16,0,0,1
2021-07-06,4,0,0,0,0
2021-07-07,5,3,0,0,0
2021-07-08,11,9,0,0,2
2021-07-09,7,9,0,0,0
2021-07-10,0,0,0,0,1
2021-07-11,19,5,0,0,0
2021-07-12,13,6,0,0,2
2021-07-13,9,8,1,0,1
2021-07-14,15,4,0,0,2
2021-07-15,2,0,0,0,0
2021-07-16,3,0,0,0,0
2021-07-17,15,3,0,0,1
2021-07-18,5,0,0,0,1
2021-07-19,73,0,0,0,1
2021-07-20,31,1,0,0,1
2021-07-21,9,8,0,0,1
2021-07-22,25,18,0,0,0
2021-07-23,3,6,2,0,1
2021-07-24,61,5,0,0,0
2021-07-25,5,13,0,0,0
2021-07-26,6,4,0,0,0
2021-07-27,69,19,0,0,1
2021-07-28,4,0,0,0,0
2021-07-29,26,2,0,0,0
2021-07-30,10,14,0,0,1
2021-07-31,104,0,0,0,0
2021-08-01,8,11,0,0,1
2021-08-02,20,0,0,0,0
2021-08-03,23,0,0,0,0
2021-08-04,26,23,0,0,0
2021-08-05,20,8,0,0,1
2021-08-06,0,18,0,0,0
2021-08-07,33,4,0,0,1
2021-08-08,33,0,0,0,0
2021-08-09,7,0,0,0,1
2021-08-10,1,2,1,0,0
2021-08-11,5,10,0,0,0
2021-08-12,5,28,0,0,0
2021-08-13,12,1,0,0,1
2021-08-14,58,0,0,0,1
2021-08-15,31,18,0,0,0
2021-08-16,47,0,0,0,2
2021-08-17,3,4,0,0,0
2021-08-18,18,11,0,0,0
2021-08-19,6,6,0,0,1
2021-08-20,6,4,1,0,0
2021-08-21,0,0,0,0,0
2021-08-22,10,2,0,0,1
2021-08-23,56,0,0,0,0
2021-08-24,31,0,0,0,1
2021-08-25,24,0,0,0,0
2021-08-26,85,0,0,0,1
2021-08-27,51,0,0,0,0
2021-08-28,45,4,0,0,0
2021-08-29,0,0,0,0,1
2021-08-30,11,0,0,0,0
2021-08-31,62,0,0,0,2
2021-09-01,23,0,0,0,0
2021-09-02,37,0,0,0,0
2021-09-03,22,0,0,0,1
2021-09-04,16,0,0,0,0
2021-09-05,19,2,0,0,0
2021-09-06,0,0,0,0,1
2021-09-07,8,0,0,0,1
2021-09-08,3,4,0,0,0
2021-09-09,8,0,0,0,0
2021-09-10,4,4,0,0,0
2021-09-11,14,8,0,0,0
2021-09-12,0,0,0,0,0
2021-09-13,48,0,0,0,0
2021-09-14,6,0,0,0,0
2021-09-15,27,4,0,0,0
2021-09-16,57,0,0,0,0
2021-09-17,24,0,0,0,0
2021-09-18,16,23,1,0,0
2021-09-19,0,7,9,0,1
2021-09-20,0,0,0,0,0
2021-09-21,19,0,0,0,0
2021-09-22,10,28,0,0,0
2021-09-23,47,0,0,0,0
2021-09-24,18,5,0,0,1
2021-09-25,0,0,0,0,0
2021-09-26,9,13,0,0,1
2021-09-27,4,0,0,0,0
2021-09-28,5,5,0,0,0
2021-09-29,26,5,0,0,0
2021-09-30,38,0,0,0,0
2021-10-01,24,0,0,0,1
2021-10-02,12,0,0,0,0
2021-10-03,11,0,0,0,0
2021-10-04,64,0,0,0,0
2021-10-05,47,0,0,0,0
2021-10-06,20,5,10,0,1
2021-10-07,67,5,0,0,0
2021-10-08,21,4,3,0,1
2021-10-09,22,0,0,0,0
2021-10-10,37,13,2,0,0
2021-10-11,7,0,0,0,0
2021-10-12,3,4,0,0,0
2021-10-13,49,1,4,0,0
2021-10-14,13,0,4,0,0
2021-10-15,52,5,1,0,0
2021-10-16,0,0,0,0,1
2021-10-17,1,0,3,0,0
2021-10-18,16,0,0,0,0
2021-10-19,33,0,0,0,0
2021-10-20,52,1,0,0,1
2021-10-21,23,0,1,0,1
2021-10-22,33,0,0,0,1
2021-10-23,11,0,0,0,0
2021-10-24,5,0,0,0,1
2021-10-25,7,0,0,0,0
2021-10-26,18,0,0,0,1
2021-10-27,11,0,0,0,0
2021-10-28,4,4,0,0,0
2021-10-29,0,0,0,0,0
2021-10-30,6,0,0,0,0
2021-10-31,1,0,0,0,0
2021-11-01,0,0,0,0,1
2021-11-02,3,0,0,0,0
2021-11-03,19,1,0,0,0
2021-11-04,16,0,0,0,0
2021-11-05,13,0,0,0,0
2021-11-06,14,0,0,0,1
2021-11-07,13,0,0,0,0
2021-11-08,12,0,0,0,0
2021-11-09,9,0,0,0,0
2021-11-10,16,0,0,0,0
2021-11-11,12,6,0,0,0
2021-11-12,21,0,0,0,1
2021-11-13,12,0,0,0,0
2021-11-14,5,0,1,0,0
2021-11-15,12,0,0,0,0
2021-11-16,18,4,0,0,0
2021-11-17,25,0,0,0,1
2021-11-18,6,0,0,0,0
2021-11-19,0,0,0,0,0
2021-11-20,6,0,0,0,0
2021-11-21,0,0,0,0,0
2021-11-22,29,0,0,0,1
2021-11-23,1,2,0,0,0
2021-11-24,10,2,0,0,0
2021-11-25,22,0,0,0,1
2021-11-26,11,0,0,0,0
2021-11-27,0,0,0,0,0
2021-11-28,25,5,0,0,0
2021-11-29,23,5,0,0,1
2021-11-30,25,8,0,0,0
2021-12-01,41,0,0,0,1
2021-12-02,41,0,0,0,0
2021-12-03,35,0,0,0,0
2021-12-04,46,0,0,0,0
2021-12-05,21,0,1,0,1
2021-12-06,10,0,0,0,0
2021-12-07,8,0,0,0,1
2021-12-08,9,0,0,0,0
2021-12-09,35,0,0,0,1
2021-12-10,10,0,0,0,0
2021-12-11,18,0,0,0,0
2021-12-12,4,0,1,0,1
2021-12-13,17,3,0,0,0
2021-12-14,10,0,0,0,0
2021-12-15,21,6,3,0,1
2021-12-16,7,5,2,0,0
2021-12-17,2,6,0,0,0
2021-12-18,70,0,0,0,1
2021-12-19,94,0,0,0,0
2021-12-20,11,2,2,0,0
2021-12-21,2,0,1,0,1
2021-12-22,7,17,0,0,0
2021-12-23,18,0,0,0,0
2021-12-24,23,0,3,0,1
2021-12-25,24,0,1,0,0
2021-12-26,11,0,0,0,0
2021-12-27,8,6,2,0,1
2021-12-28,8,0,0,0,0
2021-12-29,66,0,0,0,1
2021-12-30,30,0,0,0,0
2021-12-31,0,0,0,0,1
2022-01-01,9,0,0,0,1
2022-01-02,9,0,0,0,0
2022-01-03,12,9,0,0,1
2022-01-04,0,0,0,0,0
2022-01-05,0,0,0,0,1
2022-01-06,0,7,0,0,0
2022-01-07,22,0,0,0,1
2022-01-08,14,3,0,0,0
2022-01-09,0,0,3,0,0
2022-01-10,7,12,1,0,0
2022-01-11,0,0,0,0,1
2022-01-12,0,0,2,0,0
2022-01-13,34,0,0,0,1
2022-01-14,40,0,0,0,0
2022-01-15,0,0,4,0,0
2022-01-16,11,9,0,0,1
2022-01-17,0,0,0,0,1
2022-01-18,8,0,5,0,1
2022-01-19,24,9,2,0,1
2022-01-20,68,0,4,0,0
2022-01-21,46,0,0,0,1
2022-01-22,5,2,0,0,0
2022-01-23,7,1,0,0,0
2022-01-24,21,0,2,0,0
2022-01-25,62,0,8,0,1
2022-01-26,63,4,0,0,1
2022-01-27,0,0,0,0,0
2022-01-28,44,0,0,0,0
2022-01-29,0,0,0,0,1
2022-01-30,13,7,2,0,0
2022-01-31,39,0,4,0,1
2022-02-01,20,9,4,0,0
2022-02-02,38,2,1,0,0
2022-02-03,16,6,6,0,1
2022-02-04,3,0,3,0,0
2022-02-05,15,0,7,0,1
2022-02-06,55,0,0,0,0
2022-02-07,47,0,2,0,0
2022-02-08,27,0,4,0,1
2022-02-09,19,3,7,0,0
2022-02-10,0,3,4,0,0
2022-02-11,41,5,0,0,0
2022-02-12,62,10,0,0,1
2022-02-13,0,0,0,0,0
2022-02-14,9,0,10,0,1
2022-02-15,48,0,0,0,0
2022-02-16,4,0,0,0,0
2022-02-17,31,7,6,0,0
2022-02-18,73,0,0,0,0
2022-02-19,0,0,0,0,0
2022-02-20,65,0,2,0,1
2022-02-21,26,0,8,0,0
2022-02-22,35,5,3,0,0
2022-02-23,3,0,0,0,0
2022-02-24,8,8,3,0,1
2022-02-25,13,0,0,0,0
2022-02-26,23,0,5,0,1
2022-02-27,76,0,0,0,0
2022-02-28,31,0,0,0,0
2022-03-01,61,3,0,0,0
2022-03-02,21,0,0,0,1
2022-03-03,16,0,3,0,0
2022-03-04,28,0,0,0,0
2022-03-05,40,0,0,0,1
2022-03-06,56,0,3,0,0
2022-03-07,33,0,0,0,2
2022-03-08,42,0,0,0,0
2022-03-09,0,0,0,0,0
2022-03-10,2,0,0,0,0
2022-03-11,66,3,0,0,0
2022-03-12,15,0,2,0,0
2022-03-13,14,3,0,0,1
2022-03-14,31,0,0,0,0
2022-03-15,32,0,0,0,1
2022-03-16,14,9,0,0,0
2022-03-17,29,0,0,0,0
2022-03-18,71,0,0,0,1
2022-03-19,55,0,0,0,0
2022-03-20,0,0,0,0,1
2022-03-21,45,3,1,0,0
2022-03-22,7,0,1,0,1
2022-03-23,10,0,0,0,1
2022-03-24,40,0,0,0,0
2022-03-25,61,0,1,0,0
2022-03-26,104,0,0,0,1
2022-03-27,15,3,0,0,0
2022-03-28,26,1,1,0,0
2022-03-29,20,0,2,0,0
2022-03-30,18,0,0,0,1
2022-03-31,30,10,0,0,1
2022-04-01,51,9,2,0,0
2022-04-02,52,0,0,0,0
2022-04-03,90,0,0,0,0
2022-04-04,23,14,0,0,1
2022-04-05,54,5,0,0,1
2022-04-06,18,2,0,0,0
2022-04-07,14,0,0,0,0
2022-04-08,51,5,0,0,0
2022-04-09,5,6,0,0,0
2022-04-10,59,0,0,0,1
2022-04-11,33,0,0,0,0
2022-04-12,54,0,2,0,0
2022-04-13,11,4,0,0,0
2022-04-14,6,6,0,0,0
2022-04-15,48,7,11,0,1
2022-04-16,33,9,1,0,0
2022-04-17,11,16,3,0,1
2022-04-18,10,11,3,0,0
2022-04-19,12,5,0,0,1
2022-04-20,3,0,0,0,0
2022-04-21,6,0,0,0,0
2022-04-22,4,4,0,0,1
2022-04-23,0,0,0,0,0
2022-04-24,7,0,0,0,0
2022-04-25,2,0,3,0,0
2022-04-26,12,0,0,0,0
2022-04-27,13,1,0,0,2
2022-04-28,5,0,0,0,0
2022-04-29,18,2,0,0,0
2022-04-30,9,0,3,0,0
2022-05-01,70,0,0,0,0
2022-05-02,35,3,0,0,0
2022-05-03,10,10,0,0,0
2022-05-04,18,0,0,0,0
2022-05-05,3,0,0,0,1
2022-05-06,0,0,0,0,1
2022-05-07,35,0,0,0,0
2022-05-08,9,0,1,0,0
2022-05-09,7,7,0,0,0
2022-05-10,54,0,0,0,0
2022-05-11,32,0,0,0,0
2022-05-12,0,0,0,0,0
2022-05-13,9,0,0,0,1
2022-05-14,43,5,0,0,0
2022-05-15,35,0,0,0,1
2022-05-16,35,0,0,0,0
2022-05-17,20,0,0,0,0
2022-05-18,48,0,0,0,0
2022-05-19,19,0,0,0,0
2022-05-20,50,1,0,0,1
2022-05-21,2,0,0,0,0
2022-05-22,23,0,0,0,0
2022-05-23,11,0,0,0,0
2022-05-24,73,0,2,0,0
2022-05-25,19,6,0,0,0
2022-05-26,0,0,0,0,0
2022-05-27,6,0,0,0,0
2022-05-28,42,0,0,0,1
2022-05-29,65,5,0,0,1
2022-05-30,35,0,0,0,0
2022-05-31,6,0,0,0,0
2022-06-01,22,12,0,0,0
2022-06-02,11,0,0,0,0
2022-06-03,18,0,0,0,0
2022-06-04,13,0,0,0,1
2022-06-05,14,16,0,0,0
2022-06-06,24,19,0,0,0
2022-06-07,49,15,0,0,0
2022-06-08,21,0,0,0,0
2022-06-09,0,0,0,0,0
2022-06-10,16,0,0,0,1
2022-06-11,0,0,0,0,0
2022-06-12,38,8,0,0,0
2022-06-13,26,12,0,0,0
2022-06-14,10,11,0,0,0
2022-06-15,7,0,0,0,1
2022-06-16,0,0,0,0,0
2022-06-17,28,0,0,0,0
2022-06-18,3,14,0,0,0
2022-06-19,6,2,0,0,0
2022-06-20,1,15,0,0,0
2022-06-21,12,5,5,0,0
2022-06-22,12,2,0,0,0
2022-06-23,18,0,0,0,1
2022-06-24,5,0,0,0,0
2022-06-25,72,0,0,0,0
2022-06-26,45,0,0,0,0
2022-06-27,61,0,0,0,0
2022-06-28,19,0,0,0,2
2022-06-29,33,0,0,0,0
2022-06-30,12,0,0,0,0
2022-07-01,53,0,0,0,0
2022-07-02,26,0,0,0,1
2022-07-03,57,0,0,0,0
2022-07-04,37,0,0,0,0
2022-07-05,32,0,0,0,0
2022-07-06,14,0,0,0,0
2022-07-07,21,0,0,0,1
2022-07-08,32,0,0,0,1
2022-07-09,93,0,0,0,0
2022-07-10,38,0,0,0,0
2022-07-11,82,0,0,0,0
2022-07-12,43,3,0,0,0
2022-07-13,32,6,0,0,1
2022-07-14,36,0,0,0,1
2022-07-15,50,2,0,0,0
2022-07-16,25,0,0,0,0
2022-07-17,28,0,0,0,0
2022-07-18,25,0,0,0,0
2022-07-19,26,0,0,0,0
2022-07-20,28,0,0,0,1
2022-07-21,14,0,0,0,1
2022-07-22,22,0,0,0,0
2022-07-23,56,0,0,0,0
2022-07-24,19,0,0,0,0
2022-07-25,50,0,0,0,1
2022-07-26,57,0,0,0,0
2022-07-27,43,0,0,0,0
2022-07-28,44,0,0,0,1
2022-07-29,33,0,0,0,0
2022-07-30,26,0,0,0,0
2022-07-31,8,0,0,0,0
2022-08-01,14,0,0,0,1
2022-08-02,27,0,0,0,0
2022-08-03,26,0,0,0,0
2022-08-04,13,0,0,0,0
2022-08-05,64,0,0,0,1
2022-08-06,32,0,0,0,0
2022-08-07,46,4,8,0,0
2022-08-08,12,0,0,0,0
2022-08-09,12,5,0,0,0
2022-08-10,30,0,0,0,1
2022-08-11,0,0,0,0,0
2022-08-12,34,0,0,0,0
2022-08-13,14,0,0,0,0
2022-08-14,22,0,0,0,0
2022-08-15,70,0,0,0,0
2022-08-16,15,0,0,0,0
2022-08-17,14,0,0,0,1
2022-08-18,10,0,0,0,0
2022-08-19,26,0,0,0,0
2022-08-20,12,0,0,0,0
2022-08-21,9,0,0,0,1
2022-08-22,31,0,0,0,0
2022-08-23,21,0,0,0,0
2022-08-24,0,0,0,0,0
2022-08-25,0,0,0,0,0
2022-08-26,9,0,0,0,0
2022-08-27,11,0,0,0,0
2022-08-28,21,0,0,0,0
2022-08-29,4,0,0,0,0
2022-08-30,5,0,0,0,0
2022-08-31,10,0,0,0,0
2022-09-01,0,0,0,0,1
2022-09-02,7,0,0,0,1
2022-09-03,17,0,0,0,0
2022-09-04,0,1,0,0,0
2022-09-05,0,0,0,0,0
2022-09-06,22,1,0,0,0
2022-09-07,0,0,0,0,0
2022-09-08,0,0,0,0,0
2022-09-09,67,0,0,0,0
2022-09-10,0,0,0,0,0
2022-09-11,82,0,0,0,0
2022-09-12,33,0,0,0,0
2022-09-13,0,0,0,0,0
2022-09-14,35,0,0,0,0
2022-09-15,0,0,0,0,0
2022-09-16,11,0,0,0,0
2022-09-17,0,0,0,0,2
2022-09-18,68,0,0,0,0
2022-09-19,22,0,0,0,0
2022-09-20,38,0,0,0,0
2022-09-21,6,0,0,0,0
2022-09-22,7,0,0,0,0
2022-09-23,18,0,0,0,1
2022-09-24,1,0,0,0,0
2022-09-25,2,0,0,0,0
2022-09-26,7,2,0,0,0
2022-09-27,36,0,0,0,0
2022-09-28,10,0,0,0,0
2022-09-29,29,0,0,0,0
2022-09-30,26,0,0,0,0
2022-10-01,34,0,0,0,1
2022-10-02,19,0,0,0,1
2022-10-03,10,0,0,0,0
2022-10-04,27,0,0,0,1
2022-10-05,1,0,0,0,0
2022-10-06,0,0,0,0,1
2022-10-07,29,0,0,0,0
2022-10-08,69,0,0,0,1
2022-10-09,27,0,0,0,0
2022-10-10,11,0,0,0,0
2022-10-11,5,0,3,0,1
2022-10-12,0,3,0,0,0
2022-10-13,0,0,0,0,0
2022-10-14,59,0,0,0,2
2022-10-15,67,0,0,0,0
2022-10-16,36,0,0,0,1
2022-10-17,14,0,0,0,1
2022-10-18,27,0,0,0,0
2022-10-19,27,3,0,0,1
2022-10-20,47,0,0,0,1
2022-10-21,58,0,0,0,0
2022-10-22,39,23,0,0,0
2022-10-23,19,0,0,0,1
2022-10-24,2,0,0,0,0
2022-10-25,0,0,0,0,0
2022-10-26,1,0,0,0,0
2022-10-27,0,0,0,0,1
2022-10-28,0,0,0,0,0
2022-10-29,0,0,0,0,0
2022-10-30,7,0,0,0,0
2022-10-31,0,0,0,0,1
2022-11-01,2,0,0,0,0
2022-11-02,0,0,0,0,1
2022-11-03,0,0,0,0,1
2022-11-04,0,0,0,0,0
2022-11-05,14,0,0,0,0
2022-11-06,0,0,0,0,0
2022-11-07,37,0,0,0,2
2022-11-08,39,0,0,0,0
2022-11-09,44,0,0,0,0
2022-11-10,15,0,0,0,0
2022-11-11,2,0,0,0,0
2022-11-12,1,0,0,0,1
2022-11-13,0,0,0,0,1
2022-11-14,0,0,0,0,0
2022-11-15,0,0,0,0,1
2022-11-16,7,0,0,0,0
2022-11-17,0,0,0,0,1
2022-11-18,0,0,0,0,1
2022-11-19,3,0,0,0,0
2022-11-20,6,1,0,0,1
2022-11-21,2,0,0,0,0
2022-11-22,13,0,0,0,2
2022-11-23,10,0,0,0,0
2022-11-24,3,0,0,0,1
2022-11-25,1,0,0,0,0
2022-11-26,7,0,0,0,0
2022-11-27,25,0,0,0,0
2022-11-28,23,32,0,0,0
2022-11-29,40,0,0,0,1
2022-11-30,0,0,0,0,0
2022-12-01,12,0,0,0,1
2022-12-02,0,0,0,0,0
2022-12-03,5,0,0,0,0
2022-12-04,0,0,0,0,0
2022-12-05,29,0,0,0,0
2022-12-06,6,0,0,0,0
2022-12-07,4,0,0,0,0
2022-12-08,25,2,0,0,2
2022-12-09,41,0,0,0,0
2022-12-10,58,0,0,0,0
2022-12-11,67,0,0,0,1
2022-12-12,6,0,0,0,0
2022-12-13,43,0,0,0,0
2022-12-14,88,0,0,0,0
2022-12-15,37,0,0,0,0
2022-12-16,23,0,0,0,0
2022-12-17,46,0,0,0,0
2022-12-18,37,0,0,0,0
2022-12-19,3,0,0,0,0
2022-12-20,0,7,0,0,0
2022-12-21,0,0,0,0,0
2022-12-22,0,7,0,0,1
2022-12-23,23,0,0,0,0
2022-12-24,133,0,0,0,0
2022-12-25,44,0,0,0,0
2022-12-26,54,0,0,0,1
2022-12-27,24,0,0,0,0
2022-12-28,121,34,0,0,0
2022-12-29,71,0,0,0,0
2022-12-30,107,0,0,0,1
2022-12-31,39,0,0,0,0
2023-01-01,87,0,0,0,0
2023-01-02,4,4,0,0,0
2023-01-03,2,0,0,0,0
2023-01-04,0,0,0,0,1
2023-01-05,51,0,0,0,0
2023-01-06,11,10,0,0,0
2023-01-07,0,0,0,0,1
2023-01-08,39,0,0,0,0
2023-01-09,42,0,0,0,1
2023-01-10,54,0,0,0,0
2023-01-11,0,0,0,0,0
2023-01-12,0,0,0,0,0
2023-01-13,0,0,0,0,0
2023-01-14,0,0,0,0,0
2023-01-15,0,0,0,0,0
2023-01-16,0,0,0,0,0
2023-01-17,0,0,0,0,0
2023-01-18,0,0,0,0,0
2023-01-19,0,0,0,0,0
2023-01-20,0,0,3,0,0
2023-01-21,0,0,2,0,1
2023-01-22,0,0,0,0,0
2023-01-23,0,0,1,0,0
2023-01-24,0,0,0,0,0
2023-01-25,0,3,2,0,0
2023-01-26,93,0,0,0,1
2023-01-27,12,0,0,0,0
2023-01-28,11,0,0,0,0
2023-01-29,0,55,0,0,0
2023-01-30,19,8,0,0,1
2023-01-31,15,22,0,0,0
2023-02-01,69,0,0,0,0
2023-02-02,16,0,0,0,0
2023-02-03,14,0,0,0,0
2023-02-04,89,0,0,0,1
2023-02-05,80,0,0,0,0
2023-02-06,3,1,19,0,0
2023-02-07,122,0,0,0,0
2023-02-08,0,0,0,0,0
2023-02-09,8,0,4,0,0
2023-02-10,2,0,0,0,0
2023-02-11,38,10,0,0,0
2023-02-12,21,0,0,0,0
2023-02-13,7,1,0,0,1
2023-02-14,6,0,0,0,0
2023-02-15,12,0,0,0,0
2023-02-16,26,0,0,0,0
2023-02-17,3,0,0,0,0
2023-02-18,54,0,0,0,0
2023-02-19,30,0,0,0,0
2023-02-20,15,0,0,0,0
2023-02-21,16,0,0,0,0
2023-02-22,57,0,0,0,0
2023-02-23,32,0,0,0,0
2023-02-24,0,0,0,0,0
2023-02-25,10,4,0,0,0
2023-02-26,9,1,0,0,0
2023-02-27,6,1,0,0,0
2023-02-28,19,2,0,0,0
2023-03-01,0,0,0,0,0
2023-03-02,6,0,0,0,0
2023-03-03,9,0,0,0,1
2023-03-04,7,0,0,0,0
2023-03-05,23,0,0,0,0
2023-03-06,3,0,0,0,1
2023-03-07,45,0,0,0,0
2023-03-08,19,0,0,0,0
2023-03-09,18,0,0,0,0
2023-03-10,3,6,0,0,1
2023-03-11,4,1,0,0,0
2023-03-12,57,0,0,0,0
2023-03-13,11,0,0,0,0
2023-03-14,5,2,0,0,1
2023-03-15,7,1,0,0,0
2023-03-16,22,8,0,0,0
2023-03-17,66,0,0,0,0
2023-03-18,16,0,0,0,0
2023-03-19,25,0,0,0,0
2023-03-20,13,0,0,0,1
2023-03-21,19,0,0,0,0
2023-03-22,10,0,0,0,1
2023-03-23,29,0,0,0,0
2023-03-24,30,0,0,0,0
2023-03-25,33,0,0,0,1
2023-03-26,22,0,0,0,0
2023-03-27,84,0,0,0,0
2023-03-28,84,0,0,0,0
2023-03-29,33,0,0,0,1
2023-03-30,22,0,0,0,0
2023-03-31,12,0,0,0,0
2023-04-01,51,0,0,0,0
2023-04-02,26,0,0,0,1
2023-04-03,14,0,0,0,0
2023-04-04,37,0,0,0,0
2023-04-05,19,0,0,0,0
2023-04-06,29,0,0,0,0
2023-04-07,68,0,0,0,0
2023-04-08,30,0,0,0,0
2023-04-09,85,0,0,0,1
2023-04-10,64,0,0,0,1
2023-04-11,5,0,0,0,0
2023-04-12,15,0,0,0,0
2023-04-13,30,0,0,0,0
2023-04-14,60,0,0,0,0
2023-04-15,43,0,0,0,0
2023-04-16,31,0,0,0,0
2023-04-17,74,0,0,0,1
2023-04-18,19,0,0,0,0
2023-04-19,22,0,0,0,0
2023-04-20,15,0,0,0,0
2023-04-21,25,0,0,0,0
2023-04-22,13,0,0,0,0
2023-04-23,33,0,0,0,0
2023-04-24,29,0,0,0,0
2023-04-25,11,0,0,0,0
2023-04-26,22,0,0,0,0
2023-04-27,25,0,0,0,0
2023-04-28,7,0,0,0,0
2023-04-29,13,0,0,0,0
2023-04-30,28,0,0,0,0
2023-05-01,34,0,0,0,1
2023-05-02,26,0,0,0,0
2023-05-03,52,0,0,0,0
2023-05-04,19,0,0,0,0
2023-05-05,0,0,0,0,0
2023-05-06,1,0,0,0,0
2023-05-07,52,0,0,0,0
2023-05-08,32,0,0,0,0
2023-05-09,1,0,0,0,0
2023-05-10,0,0,0,0,1
2023-05-11,1,0,0,0,0
2023-05-12,9,0,0,0,0
2023-05-13,20,0,0,0,0
2023-05-14,15,0,0,0,0
2023-05-15,4,0,0,0,0
2023-05-16,7,0,0,0,0
2023-05-17,9,0,0,0,0
2023-05-18,25,0,0,0,0
2023-05-19,25,0,0,0,0
2023-05-20,7,0,0,0,0
2023-05-21,17,0,0,0,0
2023-05-22,9,0,0,0,0
2023-05-23,9,0,0,0,0
2023-05-24,15,0,0,0,0
2023-05-25,7,0,0,0,0
2023-05-26,44,0,0,0,0
2023-05-27,0,1,0,0,0
2023-05-28,0,11,0,0,0
2023-05-29,0,9,0,0,1
2023-05-30,0,3,0,0,0
2023-05-31,0,6,0,0,0
2023-06-01,7,9,0,0,0
2023-06-02,6,0,0,0,0
2023-06-03,47,0,0,0,0
2023-06-04,17,0,0,0,0
2023-06-05,9,0,0,0,0
2023-06-06,22,0,0,0,0
2023-06-07,12,0,0,0,0
2023-06-08,37,2,0,0,0
2023-06-09,10,6,0,0,0
2023-06-10,25,0,0,0,0
2023-06-11,71,0,0,0,1
2023-06-12,26,0,0,0,0
2023-06-13,45,0,0,0,0
2023-06-14,18,0,0,0,0
2023-06-15,16,0,0,0,0
2023-06-16,6,0,0,0,0
2023-06-17,46,0,0,0,0
2023-06-18,86,0,0,0,0
2023-06-19,66,0,0,0,0
2023-06-20,2,0,0,0,0
2023-06-21,40,0,0,0,0
2023-06-22,29,0,0,0,0
2023-06-23,14,0,0,0,0
2023-06-24,33,0,0,0,0
2023-06-25,19,0,0,0,1
2023-06-26,49,0,0,0,0
2023-06-27,38,0,0,0,0
2023-06-28,38,0,0,0,1
2023-06-29,0,0,0,0,0
2023-06-30,9,0,0,0,0
2023-07-01,1,0,0,0,0
2023-07-02,31,0,0,0,0
2023-07-03,35,0,0,0,0
2023-07-04,18,0,0,0,0
2023-07-05,1,0,0,0,0
2023-07-06,0,0,0,0,0
2023-07-07,51,0,0,0,0
2023-07-08,18,0,0,0,0
2023-07-09,31,0,0,0,0
2023-07-10,5,0,0,0,0
2023-07-11,76,0,0,0,0
2023-07-12,34,0,0,0,0
2023-07-13,1,0,0,0,0
2023-07-14,17,0,0,0,0
2023-07-15,4,0,0,0,0
2023-07-16,20,0,0,0,0
2023-07-17,6,0,0,0,0
2023-07-18,34,1,0,0,1
2023-07-19,1,0,0,0,0
2023-07-20,30,0,0,0,1
2023-07-21,4,29,0,0,0
2023-07-22,3,0,0,0,0
2023-07-23,5,16,0,0,0
2023-07-24,9,23,0,0,0
2023-07-25,26,0,3,0,1
2023-07-26,19,0,0,0,0
2023-07-27,13,1,0,0,0
2023-07-28,36,0,0,0,0
2023-07-29,6,4,0,0,0
2023-07-30,9,9,0,0,1
2023-07-31,6,4,0,0,0
2023-08-01,80,0,0,0,0
2023-08-02,46,0,0,0,0
2023-08-03,12,5,0,0,0
2023-08-04,26,0,0,0,0
2023-08-05,58,0,0,0,0
2023-08-06,3,0,0,0,0
2023-08-07,6,0,0,0,0
2023-08-08,4,0,0,0,0
2023-08-09,3,0,0,0,0
2023-08-10,2,0,0,0,0
2023-08-11,5,0,0,0,0
2023-08-12,9,2,0,0,0
2023-08-13,0,0,8,0,0
2023-08-14,62,0,0,0,0
2023-08-15,54,0,0,0,1
2023-08-16,39,0,0,0,0
2023-08-17,36,0,0,0,0
2023-08-18,0,0,0,0,0
2023-08-19,89,0,0,0,0
2023-08-20,38,0,0,0,0
2023-08-21,96,0,0,0,1
2023-08-22,49,0,0,0,1
2023-08-23,7,0,0,0,0
2023-08-24,50,0,0,0,0
2023-08-25,17,0,0,0,0
2023-08-26,47,0,0,0,0
2023-08-27,75,0,0,0,0
2023-08-28,35,0,0,0,0
2023-08-29,0,13,0,0,0
2023-08-30,0,1,2,0,1
2023-08-31,25,0,0,0,0
2023-09-01,52,0,0,0,0
2023-09-02,44,0,0,0,0
2023-09-03,2,44,0,0,0
2023-09-04,0,28,0,0,0
2023-09-05,20,15,0,0,0
2023-09-06,11,23,0,0,0
2023-09-07,2,3,0,0,0
2023-09-08,31,0,0,0,0
2023-09-09,31,0,3,0,1
2023-09-10,43,0,0,0,1
2023-09-11,41,0,0,0,0
2023-09-12,44,0,0,0,0
2023-09-13,3,0,0,0,0
2023-09-14,26,0,0,0,0
2023-09-15,17,0,0,0,1
2023-09-16,40,0,0,0,0
2023-09-17,50,0,0,0,0
2023-09-18,33,0,0,0,0
2023-09-19,40,0,0,0,0
2023-09-20,22,0,0,0,0
2023-09-21,37,0,0,0,0
2023-09-22,43,0,0,0,0
2023-09-23,58,0,0,0,0
2023-09-24,41,0,0,0,0
2023-09-25,102,0,0,0,0
2023-09-26,22,0,0,0,0
2023-09-27,25,0,0,0,0
2023-09-28,0,0,0,0,0
2023-09-29,0,0,0,0,1
2023-09-30,27,0,0,0,0
2023-10-01,43,0,0,0,0
2023-10-02,44,0,0,0,0
2023-10-03,7,0,0,0,0
2023-10-04,88,0,0,0,0
2023-10-05,52,5,0,0,0
2023-10-06,31,0,0,0,0
2023-10-07,37,0,0,0,0
2023-10-08,35,2,0,0,0
2023-10-09,24,0,0,0,1
2023-10-10,2,0,0,0,0
2023-10-11,51,0,0,0,0
2023-10-12,0,0,0,0,0
2023-10-13,41,0,0,0,0
2023-10-14,76,0,0,0,0
2023-10-15,38,0,0,0,0
2023-10-16,57,0,0,0,0
2023-10-17,24,0,0,0,0
2023-10-18,23,0,0,0,0
2023-10-19,14,0,0,0,0
2023-10-20,11,0,0,0,0
2023-10-21,58,0,0,0,0
2023-10-22,28,0,0,0,0
2023-10-23,74,0,0,0,0
2023-10-24,17,0,0,0,0
2023-10-25,9,0,0,0,1
2023-10-26,22,0,0,0,0
2023-10-27,18,0,0,0,0
2023-10-28,16,21,0,0,0
2023-10-29,21,0,0,0,0
2023-10-30,0,26,0,0,0
2023-10-31,1,17,0,0,0
2023-11-01,14,2,0,0,0
2023-11-02,17,0,0,0,0
2023-11-03,5,0,0,0,0
2023-11-04,0,0,0,0,0
2023-11-05,16,0,0,0,1
2023-11-06,7,0,0,0,0
2023-11-07,1,0,0,0,0
2023-11-08,29,0,0,0,0
2023-11-09,19,0,0,0,0
2023-11-10,29,0,0,0,0
2023-11-11,82,0,0,0,0
2023-11-12,97,0,0,0,0
2023-11-13,39,0,0,0,1
2023-11-14,90,0,0,0,0
2023-11-15,11,0,0,0,0
2023-11-16,0,0,0,0,0
2023-11-17,23,0,0,0,0
2023-11-18,15,0,0,0,0
2023-11-19,7,0,0,0,0
2023-11-20,14,0,0,0,0
2023-11-21,18,2,0,0,0
2023-11-22,27,1,0,0,0
2023-11-23,45,0,0,0,0
2023-11-24,0,0,0,0,0
2023-11-25,43,0,0,0,0
2023-11-26,7,0,0,0,0
2023-11-27,47,0,0,0,0
2023-11-28,32,0,0,0,0
2023-11-29,30,0,0,0,0
2023-11-30,0,0,0,0,0
2023-12-01,21,0,0,0,0
2023-12-02,34,0,0,0,0
2023-12-03,83,0,0,0,1
2023-12-04,97,0,0,0,0
2023-12-05,2,0,0,0,0
2023-12-06,11,0,0,0,0
2023-12-07,16,0,0,0,0
2023-12-08,57,0,0,0,0
2023-12-09,76,0,0,0,0
2023-12-10,26,0,0,0,0
2023-12-11,6,0,0,0,0
2023-12-12,33,0,0,0,0
2023-12-13,1,0,0,0,0
2023-12-14,0,0,0,0,0
2023-12-15,3,0,0,0,0
2023-12-16,12,0,0,0,0
2023-12-17,78,0,0,0,0
2023-12-18,21,0,0,0,0
2023-12-19,0,0,0,0,0
2023-12-20,3,0,0,0,0
2023-12-21,0,0,0,0,0
2023-12-22,41,0,0,0,0
2023-12-23,23,0,0,0,0
2023-12-24,24,0,0,0,0
2023-12-25,29,0,0,0,0
2023-12-26,16,0,0,0,0
2023-12-27,19,0,0,0,0
2023-12-28,8,6,0,0,0
2023-12-29,0,35,0,0,0
2023-12-30,21,33,0,0,0
2023-12-31,48,33,0,0,0
2024-01-01,0,0,0,0,0
2024-01-02,0,0,0,0,0
2024-01-03,0,0,0,0,0
2024-01-04,0,0,0,0,0
2024-01-05,0,0,0,0,0
2024-01-06,1,0,0,0,1
2024-01-07,36,0,0,0,0
2024-01-08,0,0,0,0,0
2024-01-09,10,0,0,0,0
2024-01-10,45,1,0,0,0
2024-01-11,6,0,0,0,0
2024-01-12,9,0,0,0,0
2024-01-13,17,0,0,0,0
2024-01-14,15,0,0,0,0
2024-01-15,47,0,0,0,0
2024-01-16,35,0,0,0,1
2024-01-17,2,0,0,0,0
2024-01-18,52,0,0,0,0
2024-01-19,33,0,0,0,0
2024-01-20,9,19,0,0,0
2024-01-21,14,6,0,0,0
2024-01-22,108,0,0,0,0
2024-01-23,5,0,0,0,0
2024-01-24,8,0,0,0,0
2024-01-25,42,0,0,0,0
2024-01-26,9,0,0,0,0
2024-01-27,41,0,0,0,0
2024-01-28,43,0,0,0,0
2024-01-29,75,0,0,0,0
2024-01-30,11,5,0,0,0
2024-01-31,18,0,0,0,1
2024-02-01,0,0,0,0,0
2024-02-02,4,0,0,0,0
2024-02-03,0,0,0,0,0
2024-02-04,23,0,0,0,0
2024-02-05,34,0,0,0,0
2024-02-06,42,0,0,0,1
2024-02-07,15,0,0,0,0
2024-02-08,0,11,0,0,0
2024-02-09,0,0,0,0,0
2024-02-10,51,3,0,0,0
2024-02-11,21,19,0,0,0
2024-02-12,31,0,0,0,0
2024-02-13,58,0,0,0,0
2024-02-14,0,0,0,0,0
2024-02-15,18,0,0,0,0
2024-02-16,1,0,0,0,0
2024-02-17,17,0,0,0,0
2024-02-18,11,0,0,0,0
2024-02-19,7,0,0,0,0
2024-02-20,19,0,0,0,0
2024-02-21,14,0,0,0,0
2024-02-22,6,0,0,0,0
2024-02-23,23,0,0,0,0
2024-02-24,23,0,0,0,0
2024-02-25,6,0,0,0,0
2024-02-26,13,0,0,0,1
2024-02-27,7,0,0,0,0
2024-02-28,5,0,0,0,0
2024-02-29,16,0,0,0,0
2024-03-01,12,0,0,0,0
2024-03-02,38,0,0,0,0
2024-03-03,18,0,0,0,0
2024-03-04,6,0,0,0,1
2024-03-05,1,0,0,0,0
2024-03-06,10,0,0,0,0
2024-03-07,4,0,0,0,0
2024-03-08,8,0,0,0,0
2024-03-09,18,0,0,0,0
2024-03-10,14,0,0,0,0
2024-03-11,4,0,0,0,0
2024-03-12,0,0,0,0,0
2024-03-13,4,0,0,0,0
2024-03-14,0,1,0,0,0
2024-03-15,59,0,0,0,0
2024-03-16,47,0,0,0,0
2024-03-17,21,0,0,0,0
2024-03-18,18,0,0,0,0
2024-03-19,18,0,0,0,0
2024-03-20,3,0,0,0,0
2024-03-21,0,0,0,0,0
2024-03-22,2,0,0,0,0
2024-03-23,20,0,0,0,0
2024-03-24,40,0,0,0,1
2024-03-25,20,0,0,0,0
2024-03-26,3,0,0,0,0
2024-03-27,32,0,0,0,0
2024-03-28,16,0,0,0,0
2024-03-29,7,0,0,0,0
2024-03-30,1,0,0,0,0
2024-03-31,27,0,0,0,0
2024-04-01,6,0,0,0,0
2024-04-02,10,0,0,0,0
2024-04-03,11,0,0,0,0
2024-04-04,11,0,0,0,0
2024-04-05,4,0,0,0,0
2024-04-06,9,0,7,0,0
2024-04-07,55,0,0,0,0
2024-04-08,19,0,0,0,0
2024-04-09,0,0,0,0,0
2024-04-10,0,0,0,0,0
2024-04-11,0,0,0,0,0
2024-04-12,4,0,0,0,0
2024-04-13,12,0,0,0,0
2024-04-14,0,0,0,0,0
2024-04-15,0,0,0,0,0
2024-04-16,15,0,0,0,0
2024-04-17,0,0,0,0,0
2024-04-18,11,0,0,0,0
2024-04-19,36,0,0,0,0
2024-04-20,11,0,0,0,0
2024-04-21,88,0,0,0,1
2024-04-22,18,0,0,0,0
2024-04-23,23,0,0,0,0
2024-04-24,11,0,0,0,0
2024-04-25,36,0,0,0,0
2024-04-26,1,0,0,0,0
2024-04-27,32,0,0,0,0
2024-04-28,13,0,0,0,0
2024-04-29,10,0,0,0,0
2024-04-30,3,0,0,0,0
2024-05-01,52,0,0,0,0
2024-05-02,0,0,0,0,0
2024-05-03,0,0,0,0,0
2024-05-04,11,0,0,0,0
2024-05-05,2,0,0,0,0
2024-05-06,6,0,0,0,0
2024-05-07,4,0,0,0,0
2024-05-08,12,0,0,0,0
2024-05-09,10,0,0,0,0
2024-05-10,0,0,0,0,0
2024-05-11,1,0,0,0,0
2024-05-12,5,0,0,0,0
2024-05-13,0,0,0,0,0
2024-05-14,0,0,0,0,1
2024-05-15,0,0,0,0,0
2024-05-16,0,0,0,0,0
2024-05-17,3,0,0,0,0
2024-05-18,2,0,0,0,0
2024-05-19,5,0,0,0,1
2024-05-20,2,1,0,0,0
2024-05-21,0,0,0,0,0
2024-05-22,26,0,0,0,0
2024-05-23,3,0,0,0,0
2024-05-24,21,0,0,0,0
2024-05-25,0,0,0,0,0
2024-05-26,0,0,0,0,0
2024-05-27,1,0,0,0,0
2024-05-28,0,0,0,0,0
2024-05-29,0,0,0,0,0
2024-05-30,16,0,0,0,0
2024-05-31,0,0,0,0,0
2024-06-01,1,0,0,0,0
2024-06-02,25,0,0,0,0
2024-06-03,0,0,0,0,0
2024-06-04,0,0,0,0,0
2024-06-05,0,0,0,0,0
2024-06-06,3,0,0,0,0
2024-06-07,8,0,0,0,0
2024-06-08,0,0,0,0,0
2024-06-09,47,0,0,0,0
2024-06-10,1,0,0,0,1
2024-06-11,0,0,0,0,0
2024-06-12,0,0,0,0,0
2024-06-13,0,0,0,0,0
2024-06-14,5,0,0,0,0
2024-06-15,25,0,0,0,0
2024-06-16,3,0,0,0,0
2024-06-17,3,0,0,0,0
2024-06-18,5,0,0,0,0
2024-06-19,8,0,0,0,0
2024-06-20,2,0,0,0,0
2024-06-21,7,0,0,0,0
2024-06-22,17,0,0,0,0
2024-06-23,12,0,0,0,0
2024-06-24,3,0,0,0,1
2024-06-25,0,0,0,0,0
2024-06-26,1,0,0,0,0
2024-06-27,6,0,0,0,0
2024-06-28,13,0,0,0,0
2024-06-29,20,0,0,0,0
2024-06-30,41,0,0,0,0
2024-07-01,0,0,0,0,0
2024-07-02,4,0,0,0,0
2024-07-03,26,0,0,0,0
2024-07-04,6,0,0,0,0
2024-07-05,22,0,0,0,0
2024-07-06,2,0,0,0,0
2024-07-07,20,0,0,0,0
2024-07-08,8,0,0,0,1
2024-07-09,12,0,0,0,0
2024-07-10,14,0,0,0,0
2024-07-11,12,0,0,0,0
2024-07-12,0,0,0,0,0
2024-07-13,34,0,0,0,0
2024-07-14,4,0,0,0,0
2024-07-15,25,0,0,0,0
2024-07-16,8,0,0,0,0
2024-07-17,9,0,0,0,0
2024-07-18,17,0,0,0,0
2024-07-19,0,0,0,0,0
2024-07-20,27,0,0,0,0
2024-07-21,12,0,0,0,0
2024-07-22,51,0,0,0,0
2024-07-23,63,0,0,0,0
2024-07-24,31,0,0,0,0
2024-07-25,17,0,0,0,0
2024-07-26,16,0,0,0,0
2024-07-27,12,0,0,0,1
2024-07-28,13,0,0,0,0
2024-07-29,16,0,0,0,0
2024-07-30,3,0,0,0,0
2024-07-31,11,0,0,0,0
2024-08-01,12,0,0,0,0
2024-08-02,6,0,0,0,0
2024-08-03,0,0,0,0,0
2024-08-04,36,0,0,0,0
2024-08-05,5,0,0,0,0
2024-08-06,1,0,0,0,0
2024-08-07,0,0,0,0,0
2024-08-08,7,0,0,0,0
2024-08-09,25,0,0,0,0
2024-08-10,20,0,0,0,0
2024-08-11,20,0,0,0,1
2024-08-12,2,0,0,0,0
2024-08-13,37,0,0,0,0
2024-08-14,14,0,0,0,0
2024-08-15,15,0,0,0,0
2024-08-16,26,0,0,0,0
2024-08-17,25,0,0,0,0
2024-08-18,1,0,0,0,1
2024-08-19,5,0,0,0,0
2024-08-20,1,0,0,0,0
2024-08-21,7,0,0,0,0
2024-08-22,1,0,0,0,0
2024-08-23,10,0,0,0,0
2024-08-24,13,0,0,0,0
2024-08-25,15,0,0,0,0
2024-08-26,0,0,0,0,0
2024-08-27,1,0,0,0,0
2024-08-28,10,0,0,0,0
2024-08-29,15,0,0,0,1
2024-08-30,0,0,0,0,0
2024-08-31,7,0,0,0,0
2024-09-01,16,0,0,0,0
2024-09-02,11,0,0,0,0
2024-09-03,2,0,0,0,1
2024-09-04,4,0,0,0,0
2024-09-05,6,0,0,0,0
2024-09-06,29,0,0,0,0
2024-09-07,16,0,0,0,0
2024-09-08,21,0,0,0,0
2024-09-09,5,0,0,0,0
2024-09-10,0,0,0,0,0
2024-09-11,1,0,0,0,0
2024-09-12,10,0,0,0,0
2024-09-13,8,0,0,0,0
2024-09-14,10,0,0,0,0
2024-09-15,8,0,0,0,0
2024-09-16,13,0,0,0,0
2024-09-17,7,0,0,0,0
2024-09-18,2,0,0,0,0
2024-09-19,0,0,0,0,0
2024-09-20,0,0,0,0,0
2024-09-21,12,0,0,0,0
2024-09-22,15,0,0,0,0
2024-09-23,21,0,0,0,0
2024-09-24,23,0,0,0,0
2024-09-25,2,0,0,0,0
2024-09-26,10,0,0,0,1
2024-09-27,0,0,0,0,0
2024-09-28,16,0,0,0,0
2024-09-29,0,0,0,0,0
2024-09-30,21,0,0,0,0
2024-10-01,8,0,0,0,0
2024-10-02,0,0,0,0,0
2024-10-03,0,0,0,0,0
2024-10-04,0,0,0,0,0
2024-10-05,0,0,0,0,0
2024-10-06,5,0,0,0,0
2024-10-07,17,0,0,0,0
2024-10-08,11,0,0,0,0
2024-10-09,7,0,0,0,0
2024-10-10,3,0,0,0,0
2024-10-11,5,0,0,0,0
2024-10-12,1,0,0,0,0
2024-10-13,2,0,0,0,0
2024-10-14,6,0,0,0,0
2024-10-15,0,0,0,0,0
2024-10-16,17,0,0,0,0
2024-10-17,2,0,0,0,0
2024-10-18,1,0,0,0,0
2024-10-19,0,0,0,0,0
2024-10-20,36,0,0,0,0
2024-10-21,34,0,0,0,1
2024-10-22,0,0,0,0,0
2024-10-23,12,0,0,0,0
2024-10-24,9,0,0,0,0
2024-10-25,0,0,0,0,0
2024-10-26,4,0,0,0,0
2024-10-27,18,0,0,0,0
2024-10-28,0,0,0,0,0
2024-10-29,0,0,0,0,0
2024-10-30,3,0,0,0,0
2024-10-31,4,0,0,0,0
2024-11-01,19,0,0,0,0
2024-11-02,38,0,0,0,0
2024-11-03,7,0,0,0,1
2024-11-04,0,0,0,0,0
2024-11-05,10,0,0,0,0
2024-11-06,9,8,0,0,0
2024-11-07,0,0,0,0,0
2024-11-08,0,0,0,0,0
2024-11-09,0,0,0,0,0
2024-11-10,0,0,0,0,0
2024-11-11,4,0,0,0,0
2024-11-12,2,0,0,0,0
2024-11-13,4,3,0,0,0
2024-11-14,11,4,0,0,0
2024-11-15,12,0,0,0,0
2024-11-16,0,0,0,0,0
2024-11-17,6,4,0,0,0
2024-11-18,18,0,0,0,0
2024-11-19,9,0,0,0,0
2024-11-20,3,0,0,0,0
2024-11-21,3,0,0,0,0
2024-11-22,1,0,0,0,0
2024-11-23,16,0,0,0,0
2024-11-24,23,0,0,0,0
2024-11-25,24,0,0,0,0
2024-11-26,6,0,0,0,0
2024-11-27,2,0,0,0,1
2024-11-28,8,0,0,0,0
2024-11-29,18,0,0,0,0
2024-11-30,31,0,0,0,0
2024-12-01,15,0,0,0,0
2024-12-02,7,0,0,0,0
2024-12-03,8,0,0,0,0
2024-12-04,3,0,0,0,0
2024-12-05,6,0,0,0,0
2024-12-06,2,0,0,0,0
2024-12-07,24,0,0,0,0
2024-12-08,14,0,0,0,0
2024-12-09,1,0,0,0,0
2024-12-10,13,0,0,0,0
2024-12-11,23,0,0,0,0
2024-12-12,0,0,0,0,0
2024-12-13,2,0,0,0,0
2024-12-14,19,0,0,0,0
2024-12-15,26,0,0,0,0
2024-12-16,32,0,0,0,1
2024-12-17,66,0,0,0,0
2024-12-18,15,0,0,0,0
2024-12-19,5,0,0,0,0
2024-12-20,0,0,0,0,0
2024-12-21,21,0,0,0,0
2024-12-22,16,0,0,0,0
2024-12-23,23,0,0,0,0
2024-12-24,5,0,0,0,0
2024-12-25,41,0,0,0,0
2024-12-26,32,0,0,0,0
2024-12-27,13,5,0,0,0
2024-12-28,0,2,0,0,0
2024-12-29,0,20,0,0,0
2024-12-30,37,0,0,0,0
2024-12-31,2,4,0,0,0
2025-01-01,75,2,0,0,0
2025-01-02,15,0,0,0,0
2025-01-03,20,0,0,0,0
2025-01-04,0,0,0,0,0
2025-01-05,14,0,0,0,0
2025-01-06,21,0,0,0,0
2025-01-07,6,0,0,0,0
2025-01-08,14,0,0,0,0
2025-01-09,2,0,0,0,0
2025-01-10,10,0,0,0,0
2025-01-11,12,0,0,0,0
2025-01-12,24,0,0,0,0
2025-01-13,4,0,0,0,0
2025-01-14,22,0,0,0,0
2025-01-15,1,0,0,0,0
2025-01-16,8,0,0,0,0
2025-01-17,12,0,0,0,0
2025-01-18,9,0,0,0,0
2025-01-19,18,0,0,0,0
2025-01-20,11,0,0,0,0
2025-01-21,0,0,0,0,0
2025-01-22,0,0,0,0,0
2025-01-23,0,0,0,0,0
2025-01-24,0,0,0,0,1
2025-01-25,12,0,0,0,0
2025-01-26,1,0,0,0,0
2025-01-27,2,0,0,0,0
2025-01-28,19,0,0,0,0
2025-01-29,1,0,0,0,0
2025-01-30,0,0,0,0,0
2025-01-31,9,0,0,0,0
2025-02-01,1,0,0,0,0
2025-02-02,24,0,0,0,0
2025-02-03,18,0,0,0,0
2025-02-04,28,0,0,0,1
2025-02-05,0,8,0,0,0
2025-02-06,8,0,0,0,0
2025-02-07,8,0,0,0,0
2025-02-08,0,0,0,0,0
2025-02-09,7,0,0,0,0
2025-02-10,19,0,0,0,0
2025-02-11,22,0,0,0,0
2025-02-12,5,0,0,0,0
2025-02-13,25,0,0,0,0
2025-02-14,22,0,0,0,0
2025-02-15,24,0,0,0,0
2025-02-16,15,0,0,0,0
2025-02-17,23,0,0,0,0
2025-02-18,71,0,0,0,0
2025-02-19,26,0,0,0,1
2025-02-20,25,0,0,0,0
2025-02-21,13,0,0,0,0
2025-02-22,2,0,0,0,0
2025-02-23,14,0,0,0,0
2025-02-24,35,0,0,0,0
2025-02-25,0,0,0,0,0
2025-02-26,5,0,0,0,0
2025-02-27,0,0,0,0,0
2025-02-28,21,0,0,0,0
2025-03-01,28,0,0,0,0
2025-03-02,17,0,0,0,0
2025-03-03,47,0,0,0,0
2025-03-04,17,0,0,0,0
2025-03-05,10,0,0,0,0
2025-03-06,7,0,0,0,0
2025-03-07,0,0,0,0,0
2025-03-08,18,0,0,0,0
2025-03-09,20,0,0,0,0
2025-03-10,17,0,0,0,0
2025-03-11,14,0,0,0,0
2025-03-12,9,0,0,0,0
2025-03-13,11,0,0,0,0
2025-03-14,9,0,0,0,0
2025-03-15,31,0,0,0,0
2025-03-16,19,0,0,0,0
2025-03-17,21,0,0,0,0
2025-03-18,6,0,0,0,0
2025-03-19,19,0,0,0,0
2025-03-20,5,0,0,0,1
2025-03-21,6,0,0,0,0
2025-03-22,14,0,0,0,0
2025-03-23,2,0,0,0,0
2025-03-24,19,0,0,0,0
2025-03-25,29,0,0,0,0
2025-03-26,25,0,0,0,0
2025-03-27,10,0,0,0,0
2025-03-28,16,0,0,0,0
2025-03-29,13,0,0,0,0
2025-03-30,39,0,0,0,0
2025-03-31,17,0,0,0,0
2025-04-01,12,0,0,0,0
2025-04-02,15,0,0,0,0
2025-04-03,9,0,0,0,0
2025-04-04,8,0,0,0,0
2025-04-05,8,0,0,0,0
2025-04-06,8,0,0,0,0
2025-04-07,14,0,0,0,0
2025-04-08,0,0,0,0,0
2025-04-09,4,0,0,0,0
2025-04-10,0,0,0,0,0
2025-04-11,1,0,0,0,0
2025-04-12,1,0,0,0,0
2025-04-13,0,0,0,0,0
2025-04-14,12,0,0,0,0
2025-04-15,1,0,0,0,0
2025-04-16,0,0,0,0,0
2025-04-17,0,0,0,0,0
2025-04-18,19,0,0,0,0
2025-04-19,6,0,0,0,0
2025-04-20,0,0,0,0,0
2025-04-21,23,0,0,0,0
2025-04-22,18,0,0,0,0
2025-04-23,8,0,0,0,0
2025-04-24,8,0,0,0,0
2025-04-25,16,0,0,0,0
2025-04-26,0,0,0,0,0
2025-04-27,8,0,0,0,0
2025-04-28,10,0,0,0,0
2025-04-29,17,0,0,0,0
2025-04-30,1,0,0,0,0
2025-05-01,15,0,0,0,0
2025-05-02,0,0,0,0,0
2025-05-03,7,0,0,0,0
2025-05-04,5,0,0,0,0
2025-05-05,0,0,0,0,0
2025-05-06,1,0,0,0,0
2025-05-07,1,0,0,0,1
2025-05-08,9,0,0,0,0
2025-05-09,9,0,0,0,0
2025-05-10,0,0,0,0,0
2025-05-11,0,0,0,0,0
2025-05-12,0,0,0,0,0
2025-05-13,4,0,0,0,0
2025-05-14,2,0,0,0,0
2025-05-15,0,0,0,0,0
2025-05-16,1,0,0,0,0
2025-05-17,7,0,0,0,0
2025-05-18,2,0,0,0,0
2025-05-19,6,0,0,0,0
2025-05-20,10,0,0,0,0
2025-05-21,0,0,0,0,0
2025-05-22,1,0,0,0,0
2025-05-23,15,0,0,0,0
2025-05-24,0,0,0,0,0
2025-05-25,2,0,0,0,0
2025-05-26,1,0,0,0,0
2025-05-27,0,0,0,0,0
2025-05-28,0,0,0,0,0
2025-05-29,0,0,0,0,0
2025-05-30,0,0,0,0,0
2025-05-31,0,0,0,0,0
2025-06-01,1,0,0,0,0
2025-06-02,2,0,0,0,0
2025-06-03,4,0,0,0,0
2025-06-04,1,0,0,0,0
2025-06-05,17,0,0,0,0
2025-06-06,24,0,0,0,0
2025-06-07,19,0,0,0,1
2025-06-08,22,0,0,0,0
2025-06-09,10,0,0,0,0
2025-06-10,18,0,0,0,0
2025-06-11,11,0,0,0,0
2025-06-12,1,0,0,0,0
2025-06-13,9,0,0,0,0
2025-06-14,17,0,0,0,0
2025-06-15,15,0,0,0,0
2025-06-16,4,0,0,0,0
2025-06-17,3,0,0,0,0
2025-06-18,3,0,0,0,0
2025-06-19,1,0,0,0,0
2025-06-20,3,0,0,0,0
2025-06-21,0,0,0,0,0
2025-06-22,0,0,0,0,0
2025-06-23,7,0,0,0,0
2025-06-24,8,0,0,0,0
2025-06-25,0,0,0,0,0
2025-06-26,0,0,0,0,0
2025-06-27,0,0,0,0,0
2025-06-28,0,0,0,0,0
2025-06-29,18,0,0,0,0
2025-06-30,8,0,0,0,0
2025-07-01,14,0,0,0,0
2025-07-02,0,0,0,0,0
2025-07-03,5,0,0,0,1
2025-07-04,6,0,0,0,0
2025-07-05,2,0,0,0,0
2025-07-06,8,0,0,0,0
2025-07-07,5,0,0,0,0
2025-07-08,0,0,0,0,0
2025-07-09,0,0,0,0,0
2025-07-10,1,0,0,0,0
2025-07-11,11,0,0,0,0
2025-07-12,6,0,0,0,0
2025-07-13,0,0,0,0,0
2025-07-14,4,0,0,0,0
2025-07-15,0,0,0,0,0
2025-07-16,3,0,0,0,0
2025-07-17,1,0,0,0,0
2025-07-18,5,0,0,0,0
2025-07-19,0,0,0,0,0
2025-07-20,12,0,0,0,1
2025-07-21,12,0,0,0,0
2025-07-22,22,0,0,0,0
2025-07-23,21,0,0,0,0
2025-07-24,2,0,0,0,0
2025-07-25,2,0,0,0,0
2025-07-26,29,0,0,0,0
2025-07-27,17,0,0,0,0
2025-07-28,21,0,0,0,0
2025-07-29,43,0,0,0,0
2025-07-30,36,0,0,0,0
2025-07-31,30,0,0,0,0
2025-08-01,15,0,0,0,0
2025-08-02,64,0,0,0,0
2025-08-03,12,0,0,0,0
2025-08-04,3,0,0,0,0
2025-08-05,24,0,0,0,0
2025-08-06,16,0,0,0,0
2025-08-07,18,0,0,0,0
2025-08-08,14,0,0,0,0
2025-08-09,1,0,0,0,0
2025-08-10,25,0,0,0,0
2025-08-11,33,0,0,0,0
2025-08-12,7,0,0,0,0
2025-08-13,3,0,0,0,1
2025-08-14,3,0,0,0,0
2025-08-15,9,0,0,0,0
2025-08-16,8,0,0,0,0
2025-08-17,0,0,0,0,0
2025-08-18,21,0,0,0,0
2025-08-19,10,0,0,0,0
2025-08-20,10,0,0,0,0
2025-08-21,0,0,0,0,0
2025-08-22,5,0,0,0,0
2025-08-23,6,0,0,0,0
2025-08-24,8,0,0,0,0
2025-08-25,24,0,0,0,0
2025-08-26,8,0,0,0,0
2025-08-27,12,0,0,0,0
2025-08-28,10,0,0,0,0
2025-08-29,33,0,0,0,0
2025-08-30,23,0,0,0,0
2025-08-31,42,0,0,0,1
2025-09-01,43,0,0,0,0
2025-09-02,10,0,0,0,0
2025-09-03,4,0,0,0,0
2025-09-04,12,0,0,0,0
2025-09-05,5,0,0,0,0
2025-09-06,11,0,0,0,0
2025-09-07,22,0,0,0,0
2025-09-08,23,0,0,0,0
2025-09-09,40,0,0,0,0
2025-09-10,11,0,0,0,0
2025-09-11,4,0,0,0,0
2025-09-12,41,0,0,0,0
2025-09-13,30,0,0,0,0
2025-09-14,5,0,0,0,0
2025-09-15,27,0,0,0,0
2025-09-16,18,0,0,0,0
2025-09-17,10,0,0,0,0
2025-09-18,14,0,0,0,0
2025-09-19,9,0,0,0,0
2025-09-20,33,0,0,0,0
2025-09-21,9,0,0,0,0
2025-09-22,7,0,0,0,0
2025-09-23,7,0,0,0,0
2025-09-24,2,0,0,0,0
2025-09-25,0,0,0,0,0
2025-09-26,9,0,0,0,0
2025-09-27,5,0,0,0,0
2025-09-28,12,0,0,0,1
2025-09-29,13,0,0,0,0
2025-09-30,8,0,0,0,0
2025-10-01,12,0,0,0,0
2025-10-02,3,0,0,0,0
2025-10-03,4,0,0,0,0
2025-10-04,4,0,0,0,0
2025-10-05,9,0,0,0,0
2025-10-06,17,0,0,0,0
2025-10-07,4,0,0,0,0
2025-10-08,8,0,0,0,0
2025-10-09,5,0,0,0,0
2025-10-10,17,0,0,0,0
2025-10-11,13,0,0,0,0
2025-10-12,12,0,0,0,0
2025-10-13,2,0,0,0,0
2025-10-14,11,0,0,0,0
2025-10-15,2,0,0,0,0
2025-10-16,8,0,0,0,0
2025-10-17,14,0,0,0,0
2025-10-18,14,0,0,0,0
2025-10-19,9,0,0,0,0
2025-10-20,7,6,0,0,0
2025-10-21,1,0,0,0,1
2025-10-22,3,0,0,0,0
2025-10-23,5,0,0,0,0
2025-10-24,5,0,0,0,0
2025-10-25,28,0,0,0,0
2025-10-26,14,9,0,0,0
2025-10-27,28,0,0,0,0
2025-10-28,12,0,0,0,0
2025-10-29,17,0,0,0,0
2025-10-30,2,0,0,0,0
2025-10-31,5,0,0,0,0
2025-11-01,2,0,0,0,0
2025-11-02,0,0,0,0,0
2025-11-03,0,0,0,0,0
2025-11-04,0,0,0,0,0
2025-11-05,0,0,0,0,0
2025-11-06,0,0,0,0,0
2025-11-07,1,0,0,0,0
2025-11-08,15,0,0,0,0
2025-11-09,17,0,0,0,0
2025-11-10,1,0,0,0,0
2025-11-11,1,0,0,0,0
2025-11-12,2,0,0,0,0
2025-11-13,3,0,0,0,0
2025-11-14,0,0,0,0,0
2025-11-15,6,0,0,0,0
2025-11-16,4,0,0,0,0
2025-11-17,0,0,0,0,1
2025-11-18,4,0,0,0,0
2025-11-19,5,0,0,0,0
2025-11-20,5,0,0,0,0
2025-11-21,9,0,0,0,0
2025-11-22,5,0,0,0,0
2025-11-23,2,0,0,0,0
2025-11-24,19,0,0,0,0
2025-11-25,12,0,0,0,0
2025-11-26,7,0,0,0,0
2025-11-27,6,0,0,0,0
2025-11-28,9,0,0,0,0
2025-11-29,10,0,0,0,0
2025-11-30,13,0,0,0,0
2025-12-01,0,0,0,0,0
2025-12-02,7,0,0,0,0
2025-12-03,5,0,0,0,0
2025-12-04,1,0,0,0,0
2025-12-05,1,0,0,0,0
2025-12-06,5,0,0,0,0
2025-12-07,20,0,0,0,0
2025-12-08,9,0,0,0,1
2025-12-09,1,0,0,0,0
2025-12-10,4,0,0,0,0
2025-12-11,0,0,0,0,0
2025-12-12,4,0,0,0,0
2025-12-13,0,0,0,0,0
2025-12-14,3,0,0,0,0
2025-12-15,0,0,0,0,0
2025-12-16,3,0,0,0,0
2025-12-17,0,0,0,0,0
2025-12-18,3,0,0,0,0
2025-12-19,6,0,0,0,0
2025-12-20,5,0,0,0,0
2025-12-21,26,0,0,0,0
2025-12-22,12,0,0,0,0
2025-12-23,34,0,0,0,1
2025-12-24,13,0,0,0,0
2025-12-25,57,0,0,0,0
2025-12-26,73,0,0,0,0
2025-12-27,31,2,0,0,0
2025-12-28,12,0,0,0,0
2025-12-29,44,0,0,0,0
2025-12-30,28,0,0,0,0
2025-12-31,26,14,0,0,0
2026-01-01,11,16,0,0,0
2026-01-02,33,2,0,0,1
2026-01-03,10,0,0,0,0
2026-01-04,22,0,0,0,0
2026-01-05,14,0,0,0,0
2026-01-06,2,0,0,0,0
2026-01-07,1,0,0,0,0
2026-01-08,28,0,0,0,0
2026-01-09,13,0,0,0,0
2026-01-10,24,0,0,0,0
2026-01-11,15,0,0,0,0
2026-01-12,0,11,0,0,0
2026-01-13,0,7,0,0,0
2026-01-14,0,12,0,0,0
2026-01-15,26,2,0,0,0
2026-01-16,2,0,0,0,0
2026-01-17,10,12,0,0,0
2026-01-18,11,50,0,0,0
2026-01-19,17,0,0,0,0
2026-01-20,39,11,0,0,0
2026-01-21,29,3,0,0,0
2026-01-22,11,9,0,0,0
2026-01-23,12,0,0,0,0
2026-01-24,8,0,0,0,0
2026-01-25,19,0,0,0,0
2026-01-26,28,0,0,0,0
2026-01-27,1,0,0,0,0
2026-01-28,25,0,0,0,0
2026-01-29,22,0,0,0,0
2026-01-30,12,0,0,0,0
2026-01-31,14,0,0,0,0
2026-02-01,45,0,0,0,0
2026-02-02,19,0,0,0,0
2026-02-03,13,4,0,0,0
2026-02-04,34,1,0,0,0
2026-02-05,42,1,2,0,0
2026-02-06,4,0,0,0,0
2026-02-07,32,2,0,0,0
2026-02-08,4,0,0,0,0
2026-02-09,36,0,0,0,0
2026-02-10,8,0,0,0,0
2026-02-11,15,0,0,0,0
2026-02-12,5,1,0,0,0
2026-02-13,15,0,0,0,0
2026-02-14,17,0,0,0,0
2026-02-15,6,0,3,0,0
2026-02-16,16,0,0,0,0
2026-02-17,7,9,3,0,1
2026-02-18,1,1,2,0,0
2026-02-19,2,18,0,0,0
2026-02-20,11,3,0,0,0
2026-02-21,15,14,0,0,0
2026-02-22,30,9,0,0,0
2026-02-23,16,1,0,0,0
2026-02-24,27,12,0,0,0
2026-02-25,11,0,0,0,0
2026-02-26,6,0,0,0,0
2026-02-27,10,11,1,0,0
2026-02-28,11,0,0,0,0
2026-03-01,33,0,0,0,0
2026-03-02,17,0,0,0,0
2026-03-03,28,0,4,0,0
2026-03-04,0,5,0,0,0
2026-03-05,29,1,0,0,0
2026-03-06,3,0,0,0,0
2026-03-07,41,0,0,0,0
2026-03-08,0,0,0,0,0
2026-03-09,5,0,0,0,0
2026-03-10,40,4,0,0,0
2026-03-11,6,0,0,0,0
2026-03-12,0,0,0,0,0
2026-03-13,19,0,0,0,0
2026-03-14,20,0,0,0,0
2026-03-15,0,2,0,0,0
2026-03-16,0,8,0,0,0
2026-03-17,24,13,0,0,0
2026-03-18,13,0,0,0,0
2026-03-19,13,0,0,0,0
2026-03-20,5,0,0,0,0
2026-03-21,0,3,0,0,0
2026-03-22,2,8,14,0,0
2026-03-23,4,17,0,0,0
2026-03-24,9,20,0,0,0
2026-03-25,2,5,0,0,0
2026-03-26,3,4,0,0,0
2026-03-27,12,10,0,0,0
2026-03-28,33,0,0,0,0
2026-03-29,39,0,0,0,0
2026-03-30,30,0,0,0,0
2026-03-31,17,8,0,0,0
