rating_difference,bullet_g,bullet_r,bullet_p,blitz_g,blitz_r,blitz_p,rapid_g,rapid_r,rapid_p,classical_g,classical_r,classical_p
-1500,0,0,,0,0,,0,0,,0,0,0
-1480,0,0,,0,0,,0,0,,0,0,0
-1460,0,0,,0,0,,0,0,,0,0,0
-1440,0,0,,0,0,,0,0,,0,0,0
-1420,0,0,,0,0,,0,0,,0,0,0
-1400,0,0,,0,0,,0,0,,0,0,0
-1380,0,0,,0,0,,0,0,,0,0,0
-1360,0,0,,0,0,,0,0,,0,0,0
-1340,0,0,,0,0,,0,0,,0,0,0
-1320,0,0,,0,0,,0,0,,0,0,0
-1300,0,0,,0,0,,0,0,,0,0,0
-1280,0,0,,0,0,,0,0,,0,0,0
-1260,0,0,,0,0,,0,0,,0,0,0
-1240,0,0,,0,0,,0,0,,0,0,0
-1220,0,0,,0,0,,0,0,,0,0,0
-1200,0,0,,0,0,,0,0,,0,0,0
-1180,0,0,,0,0,,0,0,,0,0,0
-1160,0,0,,0,0,,0,0,,0,0,0
-1140,0,0,,0,0,,0,0,,0,0,0
-1120,0,0,,0,0,,0,0,,0,0,0
-1100,0,0,,0,0,,0,0,,0,0,0
-1080,0,0,,0,0,,0,0,,0,0,0
-1060,0,0,,0,0,,0,0,,0,0,0
-1040,0,0,,0,0,,0,0,,0,0,0
-1020,0,0,,0,0,,0,0,,0,0,0
-1000,0,0,,0,0,,0,0,,0,0,0
-980,0,0,,0,0,,0,0,,0,0,0
-960,0,0,,0,0,,0,0,,0,0,0
-940,0,0,,1,2,1.0,0,0,,0,0,0
-920,0,0,,0,0,,0,0,,0,0,0
-900,0,0,,0,0,,0,0,,0,0,0
-880,2,4,1.0,0,0,,0,0,,0,0,0
-860,1,2,1.0,0,0,,0,0,,0,0,0
-840,1,2,1.0,0,0,,0,0,,0,0,0
-820,1,2,1.0,0,0,,0,0,,0,0,0
-800,1,2,1.0,0,0,,1,2,1.0,0,0,0
-780,2,4,1.0,0,0,,0,0,,0,0,0
-760,0,0,,0,0,,0,0,,0,0,0
-740,1,2,1.0,0,0,,0,0,,0,0,0
-720,0,0,,0,0,,0,0,,0,0,0
-700,0,0,,1,2,1.0,1,2,1.0,0,0,0
-680,1,2,1.0,0,0,,0,0,,0,0,0
-660,4,6,0.75,0,0,,0,0,,0,0,0
-640,2,4,1.0,1,2,1.0,0,0,,0,0,0
-620,1,2,1.0,0,0,,0,0,,0,0,0
-600,2,4,1.0,0,0,,0,0,,0,0,0
-580,3,4,0.6666666666666666,1,2,1.0,0,0,,0,0,0
-560,7,14,1.0,0,0,,0,0,,0,0,0
-540,5,10,1.0,2,3,0.75,0,0,,0,0,0
-520,4,8,1.0,3,6,1.0,0,0,,0,0,0
-500,5,6,0.6,1,2,1.0,1,2,1.0,0,0,0
-480,7,12,0.8571428571428571,1,2,1.0,0,0,,0,0,0
-460,2,4,1.0,2,4,1.0,0,0,,0,0,0
-440,6,12,1.0,5,6,0.6,2,4,1.0,0,0,0
-420,20,26,0.65,4,6,0.75,0,0,,0,0,0
-400,8,12,0.75,2,4,1.0,1,2,1.0,0,0,0
-380,16,28,0.875,2,4,1.0,2,4,1.0,0,0,0
-360,10,14,0.7,6,12,1.0,3,6,1.0,0,0,0
-340,19,30,0.7894736842105263,3,6,1.0,0,0,,0,0,0
-320,24,40,0.8333333333333334,1,0,0.0,1,0,0.0,0,0,0
-300,19,33,0.868421052631579,5,8,0.8,1,2,1.0,0,0,0
-280,26,34,0.6538461538461539,6,10,0.8333333333333334,5,6,0.6,0,0,0
-260,31,56,0.9032258064516129,2,4,1.0,4,8,1.0,0,0,0
-240,34,59,0.8676470588235294,3,6,1.0,2,4,1.0,0,0,0
-220,37,54,0.7297297297297297,10,14,0.7,2,2,0.5,0,0,0
-200,39,52,0.6666666666666666,10,10,0.5,6,6,0.5,0,0,0
-180,59,82,0.6949152542372882,8,16,1.0,4,8,1.0,0,0,0
-160,58,81,0.6982758620689655,14,22,0.7857142857142857,3,6,1.0,0,0,0
-140,130,201,0.7730769230769231,20,30,0.75,4,6,0.75,0,0,0
-120,312,454,0.7275641025641025,42,58,0.6904761904761905,4,7,0.875,0,0,0
-100,551,745,0.6760435571687841,44,51,0.5795454545454546,10,12,0.6,0,0,0
-80,915,1187,0.6486338797814207,72,83,0.5763888888888888,9,13,0.7222222222222222,0,0,0
-60,1530,2005,0.6552287581699346,112,131,0.5848214285714286,19,24,0.631578947368421,0,0,0
-40,2806,3454,0.6154668567355667,166,215,0.6475903614457831,19,20,0.5263157894736842,0,0,0
-20,4748,5694,0.5996208930075821,289,345,0.596885813148789,25,36,0.72,0,0,0
0,7770,7660,0.4929214929214929,375,378,0.504,23,24,0.5217391304347826,0,0,0
20,5233,4110,0.3927001719854768,305,257,0.42131147540983604,26,16,0.3076923076923077,0,0,0
40,2810,2168,0.38576512455516015,191,146,0.38219895287958117,21,12,0.2857142857142857,0,0,0
60,1548,1171,0.3782299741602067,139,124,0.4460431654676259,24,23,0.4791666666666667,0,0,0
80,954,681,0.35691823899371067,100,75,0.375,14,12,0.42857142857142855,0,0,0
100,593,403,0.33979763912310285,85,69,0.40588235294117647,9,8,0.4444444444444444,0,0,0
120,366,228,0.3114754098360656,65,73,0.5615384615384615,11,11,0.5,0,0,0
140,178,112,0.3146067415730337,54,38,0.35185185185185186,12,6,0.25,0,0,0
160,119,81,0.3403361344537815,49,22,0.22448979591836735,7,4,0.2857142857142857,0,0,0
180,127,72,0.28346456692913385,47,35,0.3723404255319149,9,5,0.2777777777777778,0,0,0
200,105,64,0.3047619047619048,36,21,0.2916666666666667,6,2,0.16666666666666666,0,0,0
220,94,53,0.28191489361702127,31,18,0.2903225806451613,6,2,0.16666666666666666,0,0,0
240,114,59,0.25877192982456143,33,16,0.24242424242424243,3,2,0.3333333333333333,0,0,0
260,67,29,0.21641791044776118,24,5,0.10416666666666667,5,2,0.2,0,0,0
280,84,42,0.25,28,15,0.26785714285714285,3,2,0.3333333333333333,0,0,0
300,75,22,0.14666666666666667,15,4,0.13333333333333333,2,4,1.0,0,0,0
320,65,36,0.27692307692307694,13,9,0.34615384615384615,1,2,1.0,0,0,0
340,50,15,0.15,11,2,0.09090909090909091,1,0,0.0,0,0,0
360,50,12,0.12,9,2,0.1111111111111111,4,1,0.125,0,0,0
380,38,18,0.23684210526315788,12,1,0.041666666666666664,2,0,0.0,0,0,0
400,33,12,0.18181818181818182,12,6,0.25,1,0,0.0,0,0,0
420,37,19,0.25675675675675674,12,7,0.2916666666666667,0,0,,0,0,0
440,26,5,0.09615384615384616,7,2,0.14285714285714285,2,0,0.0,0,0,0
460,22,2,0.045454545454545456,9,2,0.1111111111111111,0,0,,0,0,0
480,28,4,0.07142857142857142,5,2,0.2,0,0,,0,0,0
500,19,9,0.23684210526315788,4,0,0.0,0,0,,0,0,0
520,18,6,0.16666666666666666,5,0,0.0,0,0,,0,0,0
540,8,0,0.0,1,0,0.0,0,0,,0,0,0
560,16,8,0.25,2,0,0.0,0,0,,0,0,0
580,8,2,0.125,3,2,0.3333333333333333,0,0,,0,0,0
600,11,0,0.0,4,0,0.0,0,0,,0,0,0
620,14,2,0.07142857142857142,0,0,,0,0,,0,0,0
640,7,0,0.0,2,0,0.0,0,0,,0,0,0
660,13,2,0.07692307692307693,3,0,0.0,0,0,,0,0,0
680,10,2,0.1,2,0,0.0,0,0,,0,0,0
700,2,0,0.0,1,0,0.0,0,0,,0,0,0
720,7,0,0.0,0,0,,0,0,,0,0,0
740,4,0,0.0,1,0,0.0,0,0,,0,0,0
760,6,0,0.0,2,0,0.0,0,0,,0,0,0
780,2,0,0.0,0,0,,0,0,,0,0,0
800,5,2,0.2,0,0,,0,0,,0,0,0
820,3,0,0.0,0,0,,0,0,,0,0,0
840,1,0,0.0,0,0,,0,0,,0,0,0
860,1,0,0.0,1,0,0.0,0,0,,0,0,0
880,1,0,0.0,0,0,,0,0,,0,0,0
900,2,0,0.0,3,0,0.0,0,0,,0,0,0
920,1,0,0.0,0,0,,0,0,,0,0,0
940,1,0,0.0,0,0,,0,0,,0,0,0
960,2,0,0.0,0,0,,0,0,,0,0,0
980,0,0,,0,0,,0,0,,0,0,0
1000,1,0,0.0,0,0,,0,0,,0,0,0
1020,0,0,,0,0,,0,0,,0,0,0
1040,2,0,0.0,0,0,,0,0,,0,0,0
1060,1,0,0.0,0,0,,0,0,,0,0,0
1080,0,0,,0,0,,0,0,,0,0,0
1100,0,0,,0,0,,0,0,,0,0,0
1120,2,0,0.0,0,0,,0,0,,0,0,0
1140,1,0,0.0,0,0,,0,0,,0,0,0
1160,0,0,,0,0,,0,0,,0,0,0
1180,2,0,0.0,0,0,,0,0,,0,0,0
1200,1,0,0.0,0,0,,0,0,,0,0,0
1220,0,0,,0,0,,0,0,,0,0,0
1240,0,0,,0,0,,0,0,,0,0,0
1260,0,0,,0,0,,0,0,,0,0,0
1280,1,0,0.0,0,0,,0,0,,0,0,0
1300,0,0,,0,0,,0,0,,0,0,0
1320,0,0,,0,0,,0,0,,0,0,0
1340,1,0,0.0,0,0,,0,0,,0,0,0
1360,0,0,,0,0,,0,0,,0,0,0
1380,0,0,,0,0,,0,0,,0,0,0
1400,0,0,,0,0,,0,0,,0,0,0
1420,0,0,,0,0,,0,0,,0,0,0
1440,0,0,,0,0,,0,0,,0,0,0
1460,0,0,,0,0,,0,0,,0,0,0
1480,0,0,,0,0,,0,0,,0,0,0
1500,0,0,,0,0,,0,0,,0,0,0
