date,bullet_min,bullet_max,bullet_mean,blitz_min,blitz_max,blitz_mean,rapid_min,rapid_max,rapid_mean,classical_min,classical_max,classical_mean
2021-06-01,,,,1403.0,1420.0,1412.2,,,,,,
2021-06-02,,,,1408.0,1408.0,1408.0,,,,,,
2021-06-03,,,,,,,,,,,,
2021-06-04,,,,,,,,,,,,
2021-06-05,,,,1413.0,1425.0,1418.0,,,,,,
2021-06-06,,,,1418.0,1437.0,1427.571428571429,,,,,,
2021-06-07,,,,1421.0,1426.0,1423.5,,,,,,
2021-06-08,,,,1416.0,1428.0,1421.857142857143,,,,,,
2021-06-09,,,,1421.0,1426.0,1423.0,,,,,,
2021-06-10,,,,1413.0,1457.0,1433.7931034482758,,,,,,
2021-06-11,,,,1446.0,1494.0,1475.090909090909,,,,,,
2021-06-12,,,,1469.0,1493.0,1481.2857142857142,,,,,,
2021-06-13,,,,1462.0,1485.0,1470.923076923077,,,,,,
2021-06-14,,,,1458.0,1489.0,1472.6923076923076,,,,,,
2021-06-15,,,,1482.0,1482.0,1482.0,,,,,,
2021-06-16,,,,1471.0,1489.0,1481.6666666666667,,,,,,
2021-06-17,,,,1464.0,1464.0,1464.0,,,,,,
2021-06-18,,,,,,,,,,,,
2021-06-19,,,,1445.0,1480.0,1465.3333333333333,,,,,,
2021-06-20,,,,1434.0,1446.0,1439.0,,,,,,
2021-06-21,,,,,,,,,,,,
2021-06-22,,,,,,,,,,,,
2021-06-23,,,,,,,,,,,,
2021-06-24,,,,,,,,,,,,
2021-06-25,,,,1425.0,1448.0,1438.428571428571,,,,,,
2021-06-26,,,,1423.0,1441.0,1433.375,,,,,,
2021-06-27,,,,,,,,,,,,
2021-06-28,,,,,,,,,,,,
2021-06-29,,,,,,,,,,,,
2021-06-30,,,,1430.0,1471.0,1452.3333333333333,,,,,,
2021-07-01,,,,,,,,,,,,
2021-07-02,,,,,,,,,,,,
2021-07-03,,,,1444.0,1462.0,1452.75,,,,,,
2021-07-04,,,,,,,,,,,,
2021-07-05,,,,1450.0,1456.0,1451.75,,,,,,
2021-07-06,,,,,,,,,,,,
2021-07-07,,,,1438.0,1444.0,1441.0,,,,,,
2021-07-08,,,,,,,,,,,,
2021-07-09,,,,1439.0,1445.0,1442.0,,,,,,
2021-07-10,,,,1445.0,1445.0,1445.0,,,,,,
2021-07-11,,,,,,,,,,,,
2021-07-12,,,,,,,,,,,,
2021-07-13,,,,,,,,,,,,
2021-07-14,,,,,,,,,,,,
2021-07-15,,,,,,,,,,,,
2021-07-16,,,,,,,,,,,,
2021-07-17,,,,,,,,,,,,
2021-07-18,,,,,,,,,,,,
2021-07-19,,,,,,,,,,,,
2021-07-20,,,,,,,,,,,,
2021-07-21,,,,,,,,,,,,
2021-07-22,,,,,,,,,,,,
2021-07-23,,,,,,,,,,,,
2021-07-24,,,,,,,,,,,,
2021-07-25,,,,,,,,,,,,
2021-07-26,,,,,,,,,,,,
2021-07-27,,,,,,,,,,,,
2021-07-28,,,,1431.0,1446.0,1439.375,,,,,,
2021-07-29,,,,1439.0,1458.0,1448.8,,,,,,
2021-07-30,,,,1451.0,1464.0,1458.0,,,,,,
2021-07-31,,,,1457.0,1476.0,1466.3076923076924,,,,,,
2021-08-01,,,,1458.0,1497.0,1476.5625,,,,,,
2021-08-02,,,,1469.0,1491.0,1479.3,,,,,,
2021-08-03,,,,1476.0,1487.0,1482.6,,,,,,
2021-08-04,,,,1476.0,1487.0,1480.5,,,,,,
2021-08-05,,,,1470.0,1478.0,1474.25,,,,,,
2021-08-06,,,,1484.0,1523.0,1507.3793103448277,,,,,,
2021-08-07,,,,1512.0,1574.0,1550.6129032258063,,,,,,
2021-08-08,,,,1531.0,1552.0,1543.1363636363635,,,,,,
2021-08-09,,,,1543.0,1559.0,1549.076923076923,,,,,,
2021-08-10,,,,1547.0,1560.0,1553.6,,,,,,
2021-08-11,,,,,,,,,,,,
2021-08-12,,,,,,,,,,,,
2021-08-13,,,,,,,,,,,,
2021-08-14,,,,,,,,,,,,
2021-08-15,,,,1541.0,1547.0,1544.0,,,,,,
2021-08-16,,,,1519.0,1548.0,1534.5,,,,,,
2021-08-17,,,,,,,,,,,,
2021-08-18,,,,,,,,,,,,
2021-08-19,,,,1525.0,1535.0,1530.0,,,,,,
2021-08-20,,,,1528.0,1540.0,1534.4444444444443,,,,,,
2021-08-21,,,,1523.0,1548.0,1534.75,,,,,,
2021-08-22,,,,1553.0,1593.0,1575.6923076923076,,,,,,
2021-08-23,,,,,,,,,,,,
2021-08-24,,,,,,,,,,,,
2021-08-25,,,,1578.0,1578.0,1578.0,,,,,,
2021-08-26,,,,,,,,,,,,
2021-08-27,,,,1580.0,1601.0,1588.4,,,,,,
2021-08-28,,,,,,,,,,,,
2021-08-29,,,,1573.0,1603.0,1591.4,,,,,,
2021-08-30,,,,1572.0,1579.0,1575.428571428571,,,,,,
2021-08-31,,,,1567.0,1587.0,1576.5833333333333,,,,,,
2021-09-01,,,,,,,,,,,,
2021-09-02,,,,1506.0,1566.0,1532.3333333333333,,,,,,
2021-09-03,,,,1499.0,1505.0,1503.0,,,,,,
2021-09-04,,,,,,,,,,,,
2021-09-05,,,,1500.0,1516.0,1508.857142857143,,,,,,
2021-09-06,,,,1517.0,1522.0,1519.5,,,,,,
2021-09-07,,,,1511.0,1516.0,1513.5,,,,,,
2021-09-08,,,,1500.0,1506.0,1503.0,,,,,,
2021-09-09,,,,1500.0,1517.0,1508.0,,,,,,
2021-09-10,,,,1500.0,1518.0,1510.5,,,,,,
2021-09-11,,,,,,,,,,,,
2021-09-12,,,,1493.0,1493.0,1493.0,,,,,,
2021-09-13,,,,1457.0,1487.0,1472.75,,,,,,
2021-09-14,,,,1391.0,1452.0,1421.5,,,,,,
2021-09-15,,,,1386.0,1397.0,1391.6666666666667,,,,,,
2021-09-16,,,,1372.0,1379.0,1375.75,,,,,,
2021-09-17,,,,,,,,,,,,
2021-09-18,,,,,,,,,,,,
2021-09-19,,,,1377.0,1384.0,1379.6666666666667,,,,,,
2021-09-20,,,,1371.0,1377.0,1373.0,,,,,,
2021-09-21,,,,1361.0,1366.0,1363.5,,,,,,
2021-09-22,,,,1361.0,1366.0,1363.5,,,,,,
2021-09-23,,,,,,,,,,,,
2021-09-24,,,,,,,,,,,,
2021-09-25,,,,,,,,,,,,
2021-09-26,,,,1351.0,1362.0,1356.25,,,,,,
2021-09-27,,,,1352.0,1357.0,1354.5,,,,,,
2021-09-28,,,,1346.0,1346.0,1346.0,,,,,,
2021-09-29,,,,,,,,,,,,
2021-09-30,,,,,,,,,,,,
2021-10-01,,,,,,,,,,,,
2021-10-02,,,,1340.0,1340.0,1340.0,,,,,,
2021-10-03,,,,1334.0,1334.0,1334.0,,,,,,
2021-10-04,,,,1327.0,1354.0,1341.25,,,,,,
2021-10-05,,,,1328.0,1356.0,1339.5384615384614,,,,,,
2021-10-06,,,,,,,,,,,,
2021-10-07,,,,,,,,,,,,
2021-10-08,,,,1353.0,1359.0,1356.0,,,,,,
2021-10-09,,,,1359.0,1373.0,1366.142857142857,,,,,,
2021-10-10,,,,1362.0,1379.0,1372.0,,,,,,
2021-10-11,,,,1364.0,1380.0,1372.0,,,,,,
2021-10-12,,,,1371.0,1389.0,1379.125,,,,,,
2021-10-13,,,,1394.0,1449.0,1419.1176470588234,,,,,,
2021-10-14,,,,1441.0,1467.0,1452.7777777777778,,,,,,
2021-10-15,,,,1436.0,1447.0,1441.5,,,,,,
2021-10-16,,,,,,,,,,,,
2021-10-17,,,,1441.0,1476.0,1459.7272727272727,,,,,,
2021-10-18,,,,1428.0,1462.0,1445.6666666666667,,,,,,
2021-10-19,,,,1458.0,1479.0,1469.6,,,,,,
2021-10-20,,,,1452.0,1469.0,1461.1666666666667,,,,,,
2021-10-21,,,,1431.0,1447.0,1440.909090909091,,,,,,
2021-10-22,,,,1438.0,1449.0,1443.142857142857,,,,,,
2021-10-23,,,,1440.0,1463.0,1451.5,,,,,,
2021-10-24,,,,1437.0,1448.0,1442.571428571429,,,,,,
2021-10-25,,,,1431.0,1444.0,1437.4,,,,,,
2021-10-26,,,,1427.0,1458.0,1445.076923076923,,,,,,
2021-10-27,,,,1387.0,1419.0,1405.4736842105262,,,,,,
2021-10-28,,,,,,,,,,,,
2021-10-29,,,,,,,,,,,,
2021-10-30,,,,,,,,,,,,
2021-10-31,,,,,,,,,,,,
2021-11-01,,,,1390.0,1408.0,1398.5,,,,,,
2021-11-02,,,,1396.0,1401.0,1398.5,,,,,,
2021-11-03,,,,1385.0,1425.0,1407.5,,,,,,
2021-11-04,,,,1379.0,1391.0,1385.0,,,,,,
2021-11-05,,,,1385.0,1385.0,1385.0,,,,,,
2021-11-06,,,,1380.0,1398.0,1390.0,,,,,,
2021-11-07,,,,1367.0,1386.0,1377.8,,,,,,
2021-11-08,,,,,,,,,,,,
2021-11-09,,,,1357.0,1388.0,1374.0,,,,,,
2021-11-10,,,,1352.0,1363.0,1357.6666666666667,,,,,,
2021-11-11,,,,,,,,,,,,
2021-11-12,,,,1334.0,1357.0,1346.3333333333333,,,,,,
2021-11-13,,,,1333.0,1339.0,1336.0,,,,,,
2021-11-14,,,,1331.0,1349.0,1340.4,,,,,,
2021-11-15,,,,,,,,,,,,
2021-11-16,,,,1327.0,1333.0,1329.3333333333333,,,,,,
2021-11-17,,,,,,,,,,,,
2021-11-18,,,,1334.0,1361.0,1347.625,,,,,,
2021-11-19,,,,1363.0,1370.0,1366.25,,,,,,
2021-11-20,,,,1349.0,1399.0,1371.2,,,,,,
2021-11-21,,,,1400.0,1425.0,1414.6666666666667,,,,,,
2021-11-22,,,,1418.0,1460.0,1441.0555555555557,,,,,,
2021-11-23,,,,1415.0,1455.0,1435.909090909091,,,,,,
2021-11-24,,,,1421.0,1427.0,1424.0,,,,,,
2021-11-25,,,,,,,,,,,,
2021-11-26,,,,1419.0,1434.0,1425.25,,,,,,
2021-11-27,,,,1390.0,1414.0,1403.809523809524,,,,,,
2021-11-28,,,,1390.0,1396.0,1392.75,,,,,,
2021-11-29,,,,,,,,,,,,
2021-11-30,,,,1395.0,1426.0,1412.142857142857,,,,,,
2021-12-01,,,,1415.0,1450.0,1434.0,,,,,,
2021-12-02,,,,,,,,,,,,
2021-12-03,,,,1445.0,1467.0,1457.1,,,,,,
2021-12-04,,,,1442.0,1465.0,1454.9166666666667,,,,,,
2021-12-05,,,,1447.0,1465.0,1456.0,,,,,,
2021-12-06,,,,1454.0,1460.0,1458.0,,,,,,
2021-12-07,,,,1456.0,1487.0,1474.5384615384614,,,,,,
2021-12-08,,,,,,,,,,,,
2021-12-09,,,,1475.0,1518.0,1500.8823529411766,,,,,,
2021-12-10,,,,1475.0,1490.0,1482.0,,,,,,
2021-12-11,,,,1469.0,1469.0,1469.0,,,,,,
2021-12-12,,,,1464.0,1523.0,1502.9333333333334,,,,,,
2021-12-13,,,,1500.0,1529.0,1517.7272727272727,,,,,,
2021-12-14,,,,1496.0,1513.0,1504.357142857143,,,,,,
2021-12-15,,,,1479.0,1497.0,1490.2857142857142,,,,,,
2021-12-16,,,,1466.0,1485.0,1475.157894736842,,,,,,
2021-12-17,,,,1466.0,1486.0,1477.0,,,,,,
2021-12-18,,,,1471.0,1494.0,1481.5,,,,,,
2021-12-19,,,,1488.0,1500.0,1492.428571428571,,,,,,
2021-12-20,,,,1473.0,1483.0,1477.0,,,,,,
2021-12-21,,,,1474.0,1480.0,1477.0,,,,,,
2021-12-22,,,,1462.0,1484.0,1473.857142857143,,,,,,
2021-12-23,,,,1455.0,1472.0,1463.375,,,,,,
2021-12-24,,,,1440.0,1466.0,1453.75,,,,,,
2021-12-25,,,,1446.0,1446.0,1446.0,,,,,,
2021-12-26,,,,1417.0,1439.0,1427.8333333333333,,,,,,
2021-12-27,,,,1406.0,1417.0,1411.3333333333333,,,,,,
2021-12-28,,,,1400.0,1421.0,1409.8333333333333,,,,,,
2021-12-29,,,,1375.0,1427.0,1398.4444444444443,,,,,,
2021-12-30,,,,1363.0,1391.0,1376.7272727272727,,,,,,
2021-12-31,,,,1366.0,1366.0,1366.0,,,,,,
2022-01-01,,,,1351.0,1380.0,1366.3,,,,,,
2022-01-02,,,,1330.0,1370.0,1346.96,,,,,,
2022-01-03,,,,1338.0,1360.0,1348.571428571429,,,,,,
2022-01-04,,,,1350.0,1350.0,1350.0,,,,,,
2022-01-05,,,,1356.0,1366.0,1360.75,,,,,,
2022-01-06,,,,1366.0,1393.0,1380.571428571429,,,,,,
2022-01-07,,,,1382.0,1438.0,1409.4848484848485,,,,,,
2022-01-08,,,,1408.0,1443.0,1422.357142857143,,,,,,
2022-01-09,,,,1390.0,1410.0,1401.2,,,,,,
2022-01-10,,,,1385.0,1414.0,1400.764705882353,,,,,,
2022-01-11,,,,1398.0,1440.0,1413.5882352941176,,,,,,
2022-01-12,,,,1422.0,1444.0,1432.2307692307693,,,,,,
2022-01-13,,,,1420.0,1450.0,1433.7222222222222,,,,,,
2022-01-14,,,,1417.0,1417.0,1417.0,,,,,,
2022-01-15,,,,1417.0,1438.0,1424.6842105263158,,,,,,
2022-01-16,,,,1410.0,1425.0,1417.0833333333333,,,,,,
2022-01-17,,,,1402.0,1429.0,1418.2857142857142,,,,,,
2022-01-18,,,,1377.0,1413.0,1388.7916666666667,,,,,,
2022-01-19,,,,,,,,,,,,
2022-01-20,,,,1346.0,1395.0,1373.375,,,,,,
2022-01-21,,,,1351.0,1357.0,1354.0,,,,,,
2022-01-22,,,,1350.0,1357.0,1353.0,,,,,,
2022-01-23,,,,1356.0,1363.0,1359.5,,,,,,
2022-01-24,,,,,,,,,,,,
2022-01-25,,,,1365.0,1369.0,1367.0,,,,,,
2022-01-26,,,,1360.0,1420.0,1385.857142857143,,,,,,
2022-01-27,,,,1408.0,1415.0,1412.3333333333333,,,,,,
2022-01-28,,,,1419.0,1419.0,1419.0,,,,,,
2022-01-29,,,,,,,,,,,,
2022-01-30,,,,1426.0,1432.0,1429.0,,,,,,
2022-01-31,,,,1427.0,1427.0,1427.0,,,,,,
2022-02-01,,,,1432.0,1449.0,1440.3333333333333,,,,,,
2022-02-02,,,,1436.0,1442.0,1439.0,,,,,,
2022-02-03,,,,1434.0,1447.0,1440.2,,,,,,
2022-02-04,,,,,,,,,,,,
2022-02-05,,,,1447.0,1459.0,1452.75,,,,,,
2022-02-06,,,,,,,,,,,,
2022-02-07,1049.0,1309.0,1191.5,1454.0,1454.0,1454.0,,,,,,
2022-02-08,,,,,,,,,,,,
2022-02-09,,,,,,,,,,,,
2022-02-10,,,,,,,,,,,,
2022-02-11,,,,,,,,,,,,
2022-02-12,,,,,,,,,,,,
2022-02-13,,,,,,,,,,,,
2022-02-14,,,,,,,,,,,,
2022-02-15,,,,,,,,,,,,
2022-02-16,,,,,,,,,,,,
2022-02-17,,,,,,,,,,,,
2022-02-18,,,,,,,,,,,,
2022-02-19,,,,,,,,,,,,
2022-02-20,,,,1447.0,1447.0,1447.0,,,,,,
2022-02-21,,,,,,,,,,,,
2022-02-22,,,,1454.0,1454.0,1454.0,,,,,,
2022-02-23,,,,,,,,,,,,
2022-02-24,,,,,,,,,,,,
2022-02-25,,,,,,,,,,,,
2022-02-26,,,,,,,,,,,,
2022-02-27,,,,,,,,,,,,
2022-02-28,,,,,,,,,,,,
2022-03-01,,,,,,,,,,,,
2022-03-02,,,,,,,,,,,,
2022-03-03,,,,1462.0,1472.0,1465.6666666666667,,,,,,
2022-03-04,,,,1453.0,1453.0,1453.0,,,,,,
2022-03-05,,,,,,,,,,,,
2022-03-06,,,,,,,,,,,,
2022-03-07,,,,,,,,,,,,
2022-03-08,,,,,,,,,,,,
2022-03-09,,,,,,,,,,,,
2022-03-10,,,,,,,,,,,,
2022-03-11,,,,,,,,,,,,
2022-03-12,,,,,,,,,,,,
2022-03-13,,,,1453.0,1471.0,1463.4,,,,,,
2022-03-14,,,,1473.0,1489.0,1480.75,,,,,,
2022-03-15,,,,1481.0,1496.0,1488.6666666666667,,,,,,
2022-03-16,,,,1503.0,1552.0,1528.2666666666669,,,,,,
2022-03-17,,,,1505.0,1522.0,1516.125,,,,,,
2022-03-18,,,,1452.0,1511.0,1480.45,,,,,,
2022-03-19,,,,1449.0,1466.0,1457.888888888889,,,,,,
2022-03-20,,,,1450.0,1478.0,1461.0434782608695,,,,,,
2022-03-21,,,,1426.0,1459.0,1444.9375,,,,,,
2022-03-22,,,,1434.0,1441.0,1437.5,,,,,,
2022-03-23,,,,1447.0,1447.0,1447.0,,,,,,
2022-03-24,,,,1448.0,1453.0,1450.5,,,,,,
2022-03-25,,,,1442.0,1448.0,1445.0,,,,,,
2022-03-26,,,,1410.0,1436.0,1421.5555555555557,,,,,,
2022-03-27,1253.0,1253.0,1253.0,1411.0,1423.0,1417.0,,,,,,
2022-03-28,,,,1397.0,1418.0,1406.625,,,,,,
2022-03-29,,,,,,,,,,,,
2022-03-30,,,,1380.0,1402.0,1392.1666666666667,,,,,,
2022-03-31,,,,1369.0,1374.0,1371.5,,,,,,
2022-04-01,,,,1362.0,1384.0,1373.2857142857142,,,,,,
2022-04-02,,,,1377.0,1398.0,1388.357142857143,,,,,,
2022-04-03,,,,1375.0,1416.0,1400.6666666666667,,,,,,
2022-04-04,1204.0,1319.0,1266.9166666666667,1392.0,1421.0,1408.1818181818182,,,,,,
2022-04-05,,,,1351.0,1415.0,1378.9583333333333,,,,,,
2022-04-06,,,,1354.0,1372.0,1362.142857142857,,,,,,
2022-04-07,,,,,,,,,,,,
2022-04-08,,,,1348.0,1375.0,1362.888888888889,,,,,,
2022-04-09,,,,1298.0,1382.0,1343.4444444444443,,,,,,
2022-04-10,,,,1304.0,1316.0,1308.8,,,,,,
2022-04-11,,,,1299.0,1336.0,1320.4117647058824,,,,,,
2022-04-12,,,,1327.0,1356.0,1343.75,,,,,,
2022-04-13,,,,1350.0,1394.0,1364.571428571429,,,,,,
2022-04-14,,,,,,,,,,,,
2022-04-15,,,,1362.0,1385.0,1372.75,,,,,,
2022-04-16,,,,,,,1609.0,1970.0,1759.8333333333333,,,
2022-04-17,,,,,,,1558.0,1600.0,1572.3333333333333,,,
2022-04-18,,,,1350.0,1356.0,1353.0,1532.0,1627.0,1585.5,,,
2022-04-19,,,,,,,,,,,,
2022-04-20,,,,1345.0,1345.0,1345.0,1627.0,1645.0,1633.3333333333333,,,
2022-04-21,,,,,,,1643.0,1675.0,1659.6666666666667,,,
2022-04-22,,,,,,,1694.0,1735.0,1715.5,,,
2022-04-23,,,,1351.0,1362.0,1356.8,1735.0,1781.0,1759.857142857143,,,
2022-04-24,,,,,,,1781.0,1810.0,1795.6666666666667,,,
2022-04-25,,,,1356.0,1366.0,1361.3333333333333,1817.0,1832.0,1823.6,,,
2022-04-26,,,,,,,,,,,,
2022-04-27,,,,,,,1815.0,1832.0,1823.6666666666667,,,
2022-04-28,,,,,,,1832.0,1840.0,1836.0,,,
2022-04-29,,,,,,,1825.0,1825.0,1825.0,,,
2022-04-30,,,,,,,,,,,,
2022-05-01,,,,,,,1809.0,1818.0,1813.5,,,
2022-05-02,,,,,,,,,,,,
2022-05-03,,,,,,,1818.0,1818.0,1818.0,,,
2022-05-04,,,,1362.0,1378.0,1371.4,1812.0,1819.0,1814.3333333333333,,,
2022-05-05,,,,,,,1813.0,1819.0,1816.0,,,
2022-05-06,,,,1364.0,1372.0,1368.0,1804.0,1804.0,1804.0,,,
2022-05-07,,,,1370.0,1370.0,1370.0,1787.0,1795.0,1791.0,,,
2022-05-08,,,,,,,,,,,,
2022-05-09,,,,,,,,,,,,
2022-05-10,,,,,,,,,,,,
2022-05-11,,,,,,,1788.0,1796.0,1792.0,,,
2022-05-12,,,,,,,,,,,,
2022-05-13,,,,,,,,,,,,
2022-05-14,,,,1355.0,1362.0,1358.5,,,,,,
2022-05-15,,,,1350.0,1350.0,1350.0,1796.0,1809.0,1803.4,,,
2022-05-16,,,,1343.0,1343.0,1343.0,1795.0,1802.0,1798.5,,,
2022-05-17,,,,,,,,,,,,
2022-05-18,,,,,,,1785.0,1800.0,1791.8,,,
2022-05-19,,,,,,,,,,,,
2022-05-20,,,,1352.0,1352.0,1352.0,1795.0,1795.0,1795.0,,,
2022-05-21,,,,,,,1772.0,1793.0,1781.75,,,
2022-05-22,,,,1345.0,1345.0,1345.0,1781.0,1788.0,1784.0,,,
2022-05-23,,,,1337.0,1337.0,1337.0,,,,,,
2022-05-24,,,,,,,1770.0,1776.0,1773.0,,,
2022-05-25,,,,,,,,,,,,
2022-05-26,,,,,,,,,,,,
2022-05-27,,,,1330.0,1330.0,1330.0,1757.0,1764.0,1760.5,,,
2022-05-28,,,,1323.0,1323.0,1323.0,,,,,,
2022-05-29,,,,1315.0,1315.0,1315.0,,,,,,
2022-05-30,,,,,,,,,,,,
2022-05-31,,,,,,,,,,,,
2022-06-01,,,,,,,,,,,,
2022-06-02,,,,,,,,,,,,
2022-06-03,,,,1298.0,1306.0,1302.0,,,,,,
2022-06-04,,,,,,,,,,,,
2022-06-05,,,,,,,,,,,,
2022-06-06,,,,,,,,,,,,
2022-06-07,,,,,,,,,,,,
2022-06-08,,,,,,,,,,,,
2022-06-09,,,,,,,,,,,,
2022-06-10,,,,,,,,,,,,
2022-06-11,,,,,,,,,,,,
2022-06-12,,,,,,,,,,,,
2022-06-13,,,,,,,,,,,,
2022-06-14,,,,,,,,,,,,
2022-06-15,,,,1298.0,1308.0,1303.0,,,,,,
2022-06-16,,,,,,,,,,,,
2022-06-17,,,,,,,,,,,,
2022-06-18,,,,,,,,,,,,
2022-06-19,,,,,,,,,,,,
2022-06-20,,,,,,,,,,,,
2022-06-21,,,,,,,,,,,,
2022-06-22,,,,,,,,,,,,
2022-06-23,,,,,,,,,,,,
2022-06-24,,,,,,,,,,,,
2022-06-25,,,,1286.0,1306.0,1297.6666666666667,,,,,,
2022-06-26,,,,,,,,,,,,
2022-06-27,,,,,,,,,,,,
2022-06-28,,,,,,,,,,,,
2022-06-29,,,,,,,,,,,,
2022-06-30,,,,,,,,,,,,
2022-07-01,,,,1286.0,1286.0,1286.0,,,,,,
2022-07-02,,,,,,,,,,,,
2022-07-03,,,,,,,,,,,,
2022-07-04,,,,,,,,,,,,
2022-07-05,,,,,,,,,,,,
2022-07-06,,,,,,,,,,,,
2022-07-07,,,,,,,,,,,,
2022-07-08,,,,,,,,,,,,
2022-07-09,,,,,,,,,,,,
2022-07-10,,,,1264.0,1275.0,1269.5,,,,,,
2022-07-11,,,,,,,,,,,,
2022-07-12,,,,,,,,,,,,
2022-07-13,,,,,,,,,,,,
2022-07-14,,,,,,,,,,,,
2022-07-15,,,,,,,,,,,,
2022-07-16,,,,,,,,,,,,
2022-07-17,,,,,,,,,,,,
2022-07-18,,,,,,,,,,,,
2022-07-19,,,,,,,,,,,,
2022-07-20,,,,,,,,,,,,
2022-07-21,,,,,,,,,,,,
2022-07-22,,,,,,,,,,,,
2022-07-23,,,,,,,,,,,,
2022-07-24,,,,1277.0,1315.0,1295.75,,,,,,
2022-07-25,,,,,,,,,,,,
2022-07-26,,,,,,,,,,,,
2022-07-27,,,,,,,,,,,,
2022-07-28,,,,,,,,,,,,
2022-07-29,,,,,,,,,,,,
2022-07-30,,,,,,,,,,,,
2022-07-31,,,,,,,,,,,,
2022-08-01,,,,,,,,,,,,
2022-08-02,,,,,,,,,,,,
2022-08-03,,,,,,,,,,,,
2022-08-04,,,,,,,,,,,,
2022-08-05,,,,,,,,,,,,
2022-08-06,,,,,,,,,,,,
2022-08-07,,,,,,,,,,,,
2022-08-08,,,,,,,,,,,,
2022-08-09,,,,,,,,,,,,
2022-08-10,,,,,,,,,,,,
2022-08-11,,,,,,,,,,,,
2022-08-12,,,,,,,,,,,,
2022-08-13,,,,,,,,,,,,
2022-08-14,,,,,,,,,,,,
2022-08-15,,,,1299.0,1299.0,1299.0,,,,,,
2022-08-16,,,,,,,,,,,,
2022-08-17,,,,,,,,,,,,
2022-08-18,,,,,,,,,,,,
2022-08-19,,,,,,,,,,,,
2022-08-20,,,,,,,,,,,,
2022-08-21,,,,,,,,,,,,
2022-08-22,,,,,,,,,,,,
2022-08-23,,,,,,,,,,,,
2022-08-24,,,,,,,,,,,,
2022-08-25,,,,,,,,,,,,
2022-08-26,,,,,,,,,,,,
2022-08-27,,,,,,,,,,,,
2022-08-28,,,,,,,,,,,,
2022-08-29,,,,,,,,,,,,
2022-08-30,,,,,,,,,,,,
2022-08-31,,,,,,,,,,,,
2022-09-01,,,,,,,,,,,,
2022-09-02,,,,,,,,,,,,
2022-09-03,,,,,,,,,,,,
2022-09-04,,,,,,,,,,,,
2022-09-05,,,,,,,,,,,,
2022-09-06,,,,,,,,,,,,
2022-09-07,,,,,,,,,,,,
2022-09-08,,,,,,,,,,,,
2022-09-09,,,,1280.0,1280.0,1280.0,,,,,,
2022-09-10,,,,1298.0,1327.0,1313.0,1736.0,1736.0,1736.0,,,
2022-09-11,,,,1327.0,1391.0,1359.8235294117646,,,,,,
2022-09-12,,,,1374.0,1408.0,1387.6315789473683,1697.0,1716.0,1706.5,,,
2022-09-13,,,,,,,,,,,,
2022-09-14,,,,,,,,,,,,
2022-09-15,,,,1376.0,1389.0,1382.6666666666667,,,,,,
2022-09-16,,,,1383.0,1420.0,1404.6153846153843,,,,,,
2022-09-17,,,,1407.0,1457.0,1433.8529411764705,,,,,,
2022-09-18,,,,1432.0,1473.0,1452.1176470588234,,,,,,
2022-09-19,,,,,,,,,,,,
2022-09-20,,,,,,,,,,,,
2022-09-21,,,,,,,,,,,,
2022-09-22,,,,1458.0,1458.0,1458.0,,,,,,
2022-09-23,,,,1447.0,1464.0,1456.0,,,,,,
2022-09-24,,,,1453.0,1465.0,1459.3333333333333,,,,,,
2022-09-25,,,,,,,,,,,,
2022-09-26,,,,1470.0,1481.0,1475.6666666666667,,,,,,
2022-09-27,,,,1464.0,1476.0,1469.2,,,,,,
2022-09-28,,,,,,,,,,,,
2022-09-29,,,,,,,,,,,,
2022-09-30,,,,,,,,,,,,
2022-10-01,,,,1457.0,1457.0,1457.0,,,,,,
2022-10-02,,,,,,,,,,,,
2022-10-03,,,,,,,,,,,,
2022-10-04,,,,,,,,,,,,
2022-10-05,,,,,,,,,,,,
2022-10-06,,,,,,,,,,,,
2022-10-07,,,,,,,,,,,,
2022-10-08,,,,1464.0,1471.0,1467.0,,,,,,
2022-10-09,,,,1449.0,1473.0,1461.0,,,,,,
2022-10-10,,,,,,,,,,,,
2022-10-11,,,,1452.0,1458.0,1455.0,,,,,,
2022-10-12,,,,,,,,,,,,
2022-10-13,,,,1446.0,1459.0,1452.5,,,,,,
2022-10-14,,,,1450.0,1460.0,1455.3333333333333,,,,,,
2022-10-15,,,,1445.0,1445.0,1445.0,,,,,,
2022-10-16,,,,1428.0,1445.0,1435.571428571429,,,,,,
2022-10-17,,,,1422.0,1422.0,1422.0,,,,,,
2022-10-18,,,,,,,,,,,,
2022-10-19,,,,1427.0,1438.0,1431.428571428571,,,,,,
2022-10-20,,,,1427.0,1433.0,1430.0,,,,,,
2022-10-21,,,,1409.0,1422.0,1415.75,,,,,,
2022-10-22,,,,1409.0,1415.0,1412.0,,,,,,
2022-10-23,,,,1404.0,1404.0,1404.0,,,,,,
2022-10-24,,,,1398.0,1398.0,1398.0,,,,,,
2022-10-25,,,,1385.0,1391.0,1388.0,,,,,,
2022-10-26,,,,1391.0,1402.0,1396.25,,,,,,
2022-10-27,,,,1402.0,1407.0,1404.5,,,,,,
2022-10-28,,,,1400.0,1413.0,1406.6666666666667,,,,,,
2022-10-29,,,,1406.0,1406.0,1406.0,,,,,,
2022-10-30,,,,1400.0,1414.0,1406.5,,,,,,
2022-10-31,,,,,,,,,,,,
2022-11-01,,,,,,,,,,,,
2022-11-02,,,,1399.0,1399.0,1399.0,,,,,,
2022-11-03,,,,1393.0,1393.0,1393.0,,,,,,
2022-11-04,,,,,,,,,,,,
2022-11-05,,,,,,,,,,,,
2022-11-06,,,,1399.0,1404.0,1401.5,,,,,,
2022-11-07,,,,1391.0,1411.0,1400.428571428571,,,,,,
2022-11-08,,,,1398.0,1410.0,1403.0,,,,,,
2022-11-09,,,,1382.0,1394.0,1389.2,,,,,,
2022-11-10,,,,1376.0,1376.0,1376.0,,,,,,
2022-11-11,,,,1376.0,1376.0,1376.0,,,,,,
2022-11-12,,,,1369.0,1369.0,1369.0,,,,,,
2022-11-13,,,,,,,,,,,,
2022-11-14,,,,1375.0,1385.0,1380.0,,,,,,
2022-11-15,,,,1373.0,1373.0,1373.0,,,,,,
2022-11-16,,,,1367.0,1367.0,1367.0,,,,,,
2022-11-17,,,,1367.0,1373.0,1370.0,,,,,,
2022-11-18,,,,,,,,,,,,
2022-11-19,,,,,,,,,,,,
2022-11-20,,,,1359.0,1359.0,1359.0,,,,,,
2022-11-21,,,,,,,,,,,,
2022-11-22,,,,1353.0,1353.0,1353.0,,,,,,
2022-11-23,,,,,,,,,,,,
2022-11-24,,,,,,,,,,,,
2022-11-25,,,,,,,,,,,,
2022-11-26,,,,,,,,,,,,
2022-11-27,,,,,,,,,,,,
2022-11-28,,,,,,,,,,,,
2022-11-29,,,,,,,,,,,,
2022-11-30,,,,,,,,,,,,
2022-12-01,,,,,,,,,,,,
2022-12-02,,,,1346.0,1346.0,1346.0,,,,,,
2022-12-03,,,,,,,,,,,,
2022-12-04,,,,,,,,,,,,
2022-12-05,,,,,,,,,,,,
2022-12-06,,,,1340.0,1340.0,1340.0,,,,,,
2022-12-07,,,,,,,,,,,,
2022-12-08,,,,,,,,,,,,
2022-12-09,,,,,,,,,,,,
2022-12-10,,,,,,,,,,,,
2022-12-11,,,,,,,,,,,,
2022-12-12,,,,,,,,,,,,
2022-12-13,,,,,,,,,,,,
2022-12-14,,,,,,,,,,,,
2022-12-15,,,,,,,,,,,,
2022-12-16,,,,,,,,,,,,
2022-12-17,,,,1332.0,1332.0,1332.0,,,,,,
2022-12-18,,,,1343.0,1355.0,1349.0,,,,,,
2022-12-19,,,,,,,,,,,,
2022-12-20,,,,,,,,,,,,
2022-12-21,,,,,,,,,,,,
2022-12-22,,,,,,,,,,,,
2022-12-23,,,,1364.0,1364.0,1364.0,,,,,,
2022-12-24,,,,1345.0,1375.0,1358.0,,,,,,
2022-12-25,,,,1356.0,1356.0,1356.0,,,,,,
2022-12-26,,,,1352.0,1364.0,1357.5,,,,,,
2022-12-27,,,,,,,,,,,,
2022-12-28,,,,,,,,,,,,
2022-12-29,,,,,,,,,,,,
2022-12-30,,,,1338.0,1352.0,1344.6666666666667,,,,,,
2022-12-31,,,,,,,,,,,,
2023-01-01,,,,,,,,,,,,
2023-01-02,,,,1345.0,1345.0,1345.0,,,,,,
2023-01-03,,,,,,,,,,,,
2023-01-04,,,,,,,,,,,,
2023-01-05,,,,1343.0,1351.0,1347.0,,,,,,
2023-01-06,,,,1350.0,1350.0,1350.0,,,,,,
2023-01-07,,,,1357.0,1365.0,1360.2,,,,,,
2023-01-08,,,,1352.0,1359.0,1354.25,,,,,,
2023-01-09,,,,1348.0,1348.0,1348.0,,,,,,
2023-01-10,,,,,,,,,,,,
2023-01-11,,,,,,,,,,,,
2023-01-12,,,,,,,,,,,,
2023-01-13,,,,1347.0,1353.0,1350.0,,,,,,
2023-01-14,,,,1326.0,1339.0,1332.3333333333333,,,,,,
2023-01-15,,,,1320.0,1320.0,1320.0,,,,,,
2023-01-16,,,,,,,,,,,,
2023-01-17,,,,,,,,,,,,
2023-01-18,,,,,,,,,,,,
2023-01-19,,,,,,,,,,,,
2023-01-20,,,,1327.0,1327.0,1327.0,,,,,,
2023-01-21,,,,1324.0,1336.0,1329.6666666666667,,,,,,
2023-01-22,,,,,,,,,,,,
2023-01-23,,,,,,,,,,,,
2023-01-24,,,,1330.0,1330.0,1330.0,,,,,,
2023-01-25,,,,1317.0,1324.0,1320.5,,,,,,
2023-01-26,,,,,,,,,,,,
2023-01-27,,,,1326.0,1326.0,1326.0,,,,,,
2023-01-28,,,,1313.0,1319.0,1316.0,,,,,,
2023-01-29,,,,1321.0,1321.0,1321.0,,,,,,
2023-01-30,,,,,,,,,,,,
2023-01-31,,,,1327.0,1327.0,1327.0,,,,,,
2023-02-01,,,,,,,,,,,,
2023-02-02,,,,,,,,,,,,
2023-02-03,,,,,,,,,,,,
2023-02-04,,,,1306.0,1319.0,1311.2,,,,,,
2023-02-05,,,,1291.0,1348.0,1320.6315789473683,,,,,,
2023-02-06,,,,,,,,,,,,
2023-02-07,,,,1328.0,1336.0,1332.0,,,,,,
2023-02-08,,,,,,,,,,,,
2023-02-09,,,,,,,,,,,,
2023-02-10,,,,,,,,,,,,
2023-02-11,,,,,,,,,,,,
2023-02-12,,,,,,,,,,,,
2023-02-13,,,,,,,,,,,,
2023-02-14,,,,,,,,,,,,
2023-02-15,,,,,,,,,,,,
2023-02-16,,,,,,,,,,,,
2023-02-17,,,,,,,,,,,,
2023-02-18,,,,,,,,,,,,
2023-02-19,,,,,,,,,,,,
2023-02-20,,,,,,,,,,,,
2023-02-21,,,,,,,,,,,,
2023-02-22,,,,,,,,,,,,
2023-02-23,,,,,,,,,,,,
2023-02-24,,,,,,,,,,,,
2023-02-25,,,,,,,,,,,,
2023-02-26,,,,,,,,,,,,
2023-02-27,,,,,,,,,,,,
2023-02-28,,,,,,,,,,,,
2023-03-01,,,,,,,,,,,,
2023-03-02,,,,,,,,,,,,
2023-03-03,,,,,,,,,,,,
2023-03-04,,,,,,,,,,,,
2023-03-05,,,,,,,,,,,,
2023-03-06,,,,,,,,,,,,
2023-03-07,,,,1326.0,1340.0,1332.0,,,,,,
2023-03-08,,,,1278.0,1320.0,1298.3846153846157,,,,,,
2023-03-09,,,,1286.0,1334.0,1313.5625,,,,,,
2023-03-10,,,,,,,,,,,,
2023-03-11,,,,1278.0,1341.0,1313.4166666666667,1716.0,1739.0,1727.5,,,
2023-03-12,,,,1288.0,1324.0,1309.8260869565215,,,,,,
2023-03-13,,,,1304.0,1304.0,1304.0,,,,,,
2023-03-14,,,,1275.0,1299.0,1285.4444444444443,,,,,,
2023-03-15,,,,1269.0,1275.0,1271.4,,,,,,
2023-03-16,,,,1275.0,1275.0,1275.0,,,,,,
2023-03-17,,,,1268.0,1268.0,1268.0,,,,,,
2023-03-18,,,,,,,,,,,,
2023-03-19,,,,1267.0,1273.0,1270.0,,,,,,
2023-03-20,1355.0,1473.0,1427.2857142857142,1241.0,1273.0,1256.6666666666667,,,,,,
2023-03-21,1352.0,1398.0,1375.409090909091,,,,,,,,,
2023-03-22,1347.0,1397.0,1372.4615384615386,,,,,,,,,
2023-03-23,,,,,,,,,,,,
2023-03-24,1342.0,1399.0,1370.1333333333334,,,,,,,,,
2023-03-25,1330.0,1341.0,1334.8333333333333,,,,,,,,,
2023-03-26,1314.0,1335.0,1325.071428571429,,,,,,,,,
2023-03-27,,,,,,,,,,,,
2023-03-28,,,,,,,,,,,,
2023-03-29,1312.0,1319.0,1315.5,,,,,,,,,
2023-03-30,1300.0,1306.0,1303.0,,,,,,,,,
2023-03-31,1294.0,1294.0,1294.0,,,,,,,,,
2023-04-01,1297.0,1304.0,1300.75,,,,,,,,,
2023-04-02,1288.0,1304.0,1296.8333333333333,,,,,,,,,
2023-04-03,1275.0,1299.0,1285.642857142857,,,,,,,,,
2023-04-04,1281.0,1298.0,1292.142857142857,,,,,,,,,
2023-04-05,,,,,,,,,,,,
2023-04-06,1271.0,1297.0,1283.0384615384614,,,,,,,,,
2023-04-07,1260.0,1282.0,1273.4615384615386,1232.0,1232.0,1232.0,,,,,,
2023-04-08,1247.0,1252.0,1249.5,,,,,,,,,
2023-04-09,1252.0,1258.0,1255.0,,,,,,,,,
2023-04-10,,,,,,,,,,,,
2023-04-11,1253.0,1278.0,1265.96,,,,,,,,,
2023-04-12,1229.0,1257.0,1242.1666666666667,,,,,,,,,
2023-04-13,,,,,,,,,,,,
2023-04-14,1228.0,1234.0,1231.0,,,,,,,,,
2023-04-15,1230.0,1235.0,1233.0,,,,,,,,,
2023-04-16,1224.0,1255.0,1237.7333333333331,,,,,,,,,
2023-04-17,1237.0,1244.0,1240.5,,,,,,,,,
2023-04-18,1232.0,1254.0,1241.1538461538462,,,,,,,,,
2023-04-19,1204.0,1240.0,1223.125,,,,,,,,,
2023-04-20,1196.0,1201.0,1197.8,,,,,,,,,
2023-04-21,1188.0,1221.0,1203.3636363636365,,,,,,,,,
2023-04-22,1222.0,1280.0,1256.6666666666667,,,,,,,,,
2023-04-23,1257.0,1287.0,1270.090909090909,,,,,,,,,
2023-04-24,1282.0,1304.0,1293.4,,,,,,,,,
2023-04-25,1279.0,1320.0,1296.909090909091,,,,,,,,,
2023-04-26,1318.0,1366.0,1346.5185185185185,,,,,,,,,
2023-04-27,1346.0,1394.0,1370.696428571429,,,,,,,,,
2023-04-28,1321.0,1352.0,1332.1818181818182,,,,,,,,,
2023-04-29,1245.0,1344.0,1295.6923076923076,,,,,,,,,
2023-04-30,1200.0,1257.0,1233.1951219512196,,,,,,,,,
2023-05-01,1219.0,1251.0,1236.75,,,,,,,,,
2023-05-02,1226.0,1262.0,1248.1333333333334,,,,,,,,,
2023-05-03,1231.0,1255.0,1244.0,,,,,,,,,
2023-05-04,1201.0,1238.0,1215.9333333333334,,,,,,,,,
2023-05-05,1187.0,1207.0,1197.2142857142858,,,,,,,,,
2023-05-06,1168.0,1180.0,1172.3333333333333,,,,,,,,,
2023-05-07,1137.0,1173.0,1155.0,,,,,,,,,
2023-05-08,1143.0,1149.0,1145.0,,,,,,,,,
2023-05-09,1135.0,1163.0,1152.9565217391305,,,,,,,,,
2023-05-10,1143.0,1147.0,1145.0,,,,,,,,,
2023-05-11,1126.0,1149.0,1136.6,,,,,,,,,
2023-05-12,1110.0,1129.0,1119.5,,,,,,,,,
2023-05-13,1098.0,1109.0,1103.5,,,,,,,,,
2023-05-14,,,,,,,,,,,,
2023-05-15,1103.0,1125.0,1115.7777777777778,,,,,,,,,
2023-05-16,1101.0,1114.0,1106.125,,,,,,,,,
2023-05-17,1102.0,1114.0,1108.0,,,,,,,,,
2023-05-18,1118.0,1138.0,1129.7272727272727,,,,,,,,,
2023-05-19,1128.0,1180.0,1157.5,,,,,,,,,
2023-05-20,1150.0,1168.0,1161.0,,,,,,,,,
2023-05-21,1138.0,1155.0,1144.5,,,,,,,,,
2023-05-22,1127.0,1144.0,1136.5,,,,,,,,,
2023-05-23,1132.0,1153.0,1140.25,,,,,,,,,
2023-05-24,1151.0,1161.0,1156.25,,,,,,,,,
2023-05-25,1147.0,1163.0,1155.2222222222222,,,,,,,,,
2023-05-26,,,,,,,,,,,,
2023-05-27,1122.0,1141.0,1134.0,,,,,,,,,
2023-05-28,1125.0,1133.0,1128.4,,,,,,,,,
2023-05-29,1116.0,1131.0,1123.0,,,,,,,,,
2023-05-30,1113.0,1149.0,1129.2941176470588,,,,,,,,,
2023-05-31,1116.0,1170.0,1144.1818181818182,,,,,,,,,
2023-06-01,1148.0,1187.0,1166.2380952380952,,,,,,,,,
2023-06-02,1184.0,1218.0,1206.65625,,,,,,,,,
2023-06-03,1203.0,1228.0,1213.8,,,,,,,,,
2023-06-04,1217.0,1228.0,1222.6666666666667,,,,,,,,,
2023-06-05,1206.0,1248.0,1223.05,,,,,,,,,
2023-06-06,1230.0,1250.0,1239.5,,,,,,,,,
2023-06-07,1238.0,1258.0,1249.6153846153843,,,,,,,,,
2023-06-08,1200.0,1247.0,1215.6842105263158,,,,,,,,,
2023-06-09,1206.0,1206.0,1206.0,,,,,,,,,
2023-06-10,1170.0,1201.0,1186.9375,,,,,,,,,
2023-06-11,1163.0,1185.0,1175.4444444444443,1249.0,1298.0,1270.142857142857,,,,,,
2023-06-12,1120.0,1158.0,1139.125,,,,,,,,,
2023-06-13,1114.0,1146.0,1128.0,,,,,,,,,
2023-06-14,1122.0,1159.0,1141.2105263157894,,,,,,,,,
2023-06-15,1139.0,1157.0,1148.5,,,,,,,,,
2023-06-16,,,,,,,,,,,,
2023-06-17,,,,,,,,,,,,
2023-06-18,,,,,,,,,,,,
2023-06-19,1127.0,1134.0,1130.5,,,,,,,,,
2023-06-20,1113.0,1125.0,1119.5,,,,,,,,,
2023-06-21,1091.0,1109.0,1101.9166666666667,,,,,,,,,
2023-06-22,1092.0,1104.0,1098.25,,,,,,,,,
2023-06-23,1088.0,1099.0,1093.6666666666667,,,,,,,,,
2023-06-24,1089.0,1102.0,1094.8,1281.0,1317.0,1299.0,,,,,,
2023-06-25,1086.0,1096.0,1091.8,1294.0,1360.0,1334.076923076923,1644.0,1684.0,1664.0,,,
2023-06-26,1084.0,1091.0,1088.3333333333333,,,,,,,,,
2023-06-27,1073.0,1097.0,1084.8333333333333,,,,,,,,,
2023-06-28,1050.0,1076.0,1058.8,,,,,,,,,
2023-06-29,1036.0,1043.0,1039.75,,,,,,,,,
2023-06-30,1029.0,1042.0,1034.4,,,,,,,,,
2023-07-01,,,,,,,,,,,,
2023-07-02,,,,,,,,,,,,
2023-07-03,,,,,,,,,,,,
2023-07-04,1029.0,1037.0,1032.6666666666667,,,,,,,,,
2023-07-05,1007.0,1034.0,1021.5714285714286,1334.0,1334.0,1334.0,,,,,,
2023-07-06,988.0,1002.0,995.0,1340.0,1361.0,1350.3333333333333,,,,,,
2023-07-07,983.0,983.0,983.0,1318.0,1332.0,1325.0,,,,,,
2023-07-08,978.0,984.0,980.3333333333334,1311.0,1311.0,1311.0,,,,,,
2023-07-09,,,,,,,,,,,,
2023-07-10,974.0,985.0,979.6666666666666,,,,,,,,,
2023-07-11,982.0,1000.0,991.0,1287.0,1296.0,1291.5,,,,,,
2023-07-12,995.0,995.0,995.0,,,,,,,,,
2023-07-13,994.0,1000.0,997.0,1279.0,1295.0,1287.0,,,,,,
2023-07-14,1001.0,1007.0,1003.3333333333334,,,,,,,,,
2023-07-15,998.0,1009.0,1003.0,,,,,,,,,
2023-07-16,975.0,1003.0,990.7777777777778,,,,,,,,,
2023-07-17,967.0,967.0,967.0,,,,,,,,,
2023-07-18,942.0,960.0,951.8571428571428,,,,,,,,,
2023-07-19,945.0,950.0,947.5,,,,,,,,,
2023-07-20,931.0,946.0,940.125,,,,,,,,,
2023-07-21,,,,,,,,,,,,
2023-07-22,931.0,937.0,934.0,,,,,,,,,
2023-07-23,,,,,,,,,,,,
2023-07-24,927.0,927.0,927.0,,,,,,,,,
2023-07-25,,,,,,,,,,,,
2023-07-26,,,,,,,,,,,,
2023-07-27,,,,,,,,,,,,
2023-07-28,,,,,,,,,,,,
2023-07-29,,,,,,,,,,,,
2023-07-30,,,,,,,,,,,,
2023-07-31,,,,,,,,,,,,
2023-08-01,,,,,,,,,,,,
2023-08-02,,,,,,,,,,,,
2023-08-03,,,,,,,,,,,,
2023-08-04,,,,,,,,,,,,
2023-08-05,,,,,,,,,,,,
2023-08-06,,,,,,,,,,,,
2023-08-07,,,,,,,,,,,,
2023-08-08,,,,,,,,,,,,
2023-08-09,,,,,,,,,,,,
2023-08-10,,,,,,,,,,,,
2023-08-11,911.0,920.0,915.5,1258.0,1269.0,1263.5,,,,,,
2023-08-12,,,,,,,,,,,,
2023-08-13,905.0,905.0,905.0,,,,,,,,,
2023-08-14,914.0,946.0,930.3333333333334,,,,,,,,,
2023-08-15,928.0,966.0,949.2666666666668,,,,,,,,,
2023-08-16,931.0,1006.0,961.56,,,,,,,,,
2023-08-17,1008.0,1053.0,1035.8235294117646,,,,,,,,,
2023-08-18,1023.0,1034.0,1028.25,,,,,,,,,
2023-08-19,996.0,1029.0,1009.75,,,,,,,,,
2023-08-20,1005.0,1071.0,1034.5217391304348,,,,,,,,,
2023-08-21,1066.0,1117.0,1090.4827586206898,,,,,,,,,
2023-08-22,1101.0,1137.0,1116.0666666666666,,,,,,,,,
2023-08-23,1110.0,1124.0,1116.857142857143,,,,,,,,,
2023-08-24,1109.0,1124.0,1116.0,,,,,,,,,
2023-08-25,1094.0,1127.0,1107.9444444444443,,,,,,,,,
2023-08-26,1116.0,1138.0,1128.0666666666666,,,,,,,,,
2023-08-27,1099.0,1116.0,1106.5,,,,,,,,,
2023-08-28,1112.0,1128.0,1120.25,,,,,,,,,
2023-08-29,1106.0,1136.0,1119.4444444444443,,,,,,,,,
2023-08-30,1097.0,1129.0,1112.8,,,,,,,,,
2023-08-31,1121.0,1127.0,1124.0,,,,,,,,,
2023-09-01,1128.0,1174.0,1154.9411764705883,,,,,,,,,
2023-09-02,1151.0,1162.0,1157.3333333333333,,,,,,,,,
2023-09-03,1140.0,1152.0,1146.0,,,,,,,,,
2023-09-04,1146.0,1157.0,1150.8,,,,,,,,,
2023-09-05,1151.0,1161.0,1155.7142857142858,,,,,,,,,
2023-09-06,1145.0,1156.0,1150.1666666666667,,,,,,,,,
2023-09-07,1149.0,1204.0,1171.5,,,,,,,,,
2023-09-08,1150.0,1193.0,1171.9,,,,,,,,,
2023-09-09,1145.0,1172.0,1159.428571428571,,,,,,,,,
2023-09-10,1167.0,1224.0,1199.928571428571,,,,,,,,,
2023-09-11,1216.0,1230.0,1224.0,,,,,,,,,
2023-09-12,1209.0,1242.0,1222.5217391304348,,,,,,,,,
2023-09-13,1217.0,1230.0,1225.2,,,,,,,,,
2023-09-14,1204.0,1221.0,1211.857142857143,,,,,,,,,
2023-09-15,1199.0,1199.0,1199.0,,,,,,,,,
2023-09-16,1179.0,1218.0,1203.9444444444443,,,,,,,,,
2023-09-17,1180.0,1192.0,1186.75,,,,,,,,,
2023-09-18,1169.0,1185.0,1176.75,,,,,,,,,
2023-09-19,1154.0,1182.0,1171.571428571429,,,,,,,,,
2023-09-20,1149.0,1160.0,1154.3333333333333,,,,,,,,,
2023-09-21,1149.0,1155.0,1152.0,,,,,,,,,
2023-09-22,1143.0,1155.0,1150.1666666666667,,,,,,,,,
2023-09-23,1145.0,1145.0,1145.0,,,,,,,,,
2023-09-24,1139.0,1150.0,1144.5,,,,,,,,,
2023-09-25,1138.0,1146.0,1141.6666666666667,,,,,,,,,
2023-09-26,1129.0,1159.0,1144.8333333333333,,,,,,,,,
2023-09-27,1084.0,1133.0,1112.6363636363635,,,,,,,,,
2023-09-28,1079.0,1086.0,1082.0,,,,,,,,,
2023-09-29,1082.0,1086.0,1084.0,,,,,,,,,
2023-09-30,1088.0,1104.0,1095.625,,,,,,,,,
2023-10-01,1091.0,1097.0,1094.0,,,,,,,,,
2023-10-02,1068.0,1087.0,1076.8,,,,,,,,,
2023-10-03,1057.0,1070.0,1062.6,,,,,,,,,
2023-10-04,1036.0,1069.0,1054.25,,,,,,,,,
2023-10-05,1028.0,1040.0,1033.5,,,,,,,,,
2023-10-06,1026.0,1048.0,1038.8333333333333,,,,,,,,,
2023-10-07,1036.0,1053.0,1044.3333333333333,,,,,,,,,
2023-10-08,1033.0,1045.0,1039.0,,,,,,,,,
2023-10-09,1050.0,1050.0,1050.0,,,,,,,,,
2023-10-10,1044.0,1068.0,1058.571428571429,,,,,,,,,
2023-10-11,1074.0,1074.0,1074.0,,,,,,,,,
2023-10-12,1065.0,1090.0,1078.2142857142858,,,,,,,,,
2023-10-13,1062.0,1074.0,1067.0,,,,,,,,,
2023-10-14,1067.0,1079.0,1073.0,,,,,,,,,
2023-10-15,,,,,,,,,,,,
2023-10-16,1044.0,1067.0,1057.857142857143,,,,,,,,,
2023-10-17,1039.0,1049.0,1043.8,,,,,,,,,
2023-10-18,1031.0,1036.0,1033.5,,,,,,,,,
2023-10-19,1012.0,1030.0,1020.6666666666666,,,,,,,,,
2023-10-20,1024.0,1029.0,1026.0,,,,,,,,,
2023-10-21,1025.0,1031.0,1028.0,,,,,,,,,
2023-10-22,1030.0,1054.0,1041.8235294117646,,,,,,,,,
2023-10-23,1059.0,1066.0,1062.5,,,,,,,,,
2023-10-24,1054.0,1066.0,1060.125,,,,,,,,,
2023-10-25,1049.0,1071.0,1060.875,,,,,,,,,
2023-10-26,1060.0,1082.0,1072.0,,,,,,,,,
2023-10-27,1081.0,1102.0,1091.428571428571,1260.0,1308.0,1288.4545454545455,,,,,,
2023-10-28,1075.0,1080.0,1078.3333333333333,,,,,,,,,
2023-10-29,1071.0,1083.0,1077.2,,,,,,,,,
2023-10-30,1072.0,1077.0,1074.5,1270.0,1302.0,1285.1666666666667,,,,,,
2023-10-31,1045.0,1078.0,1064.7368421052631,,,,,,,,,
2023-11-01,1081.0,1086.0,1083.5,,,,,,,,,
2023-11-02,1084.0,1103.0,1093.0833333333333,,,,,,,,,
2023-11-03,1096.0,1131.0,1112.125,,,,,,,,,
2023-11-04,1114.0,1176.0,1142.0588235294117,,,,,,,,,
2023-11-05,1133.0,1168.0,1152.3,,,,,,,,,
2023-11-06,1150.0,1169.0,1160.0,,,,,,,,,
2023-11-07,1139.0,1163.0,1151.4444444444443,,,,,,,,,
2023-11-08,,,,,,,,,,,,
2023-11-09,1140.0,1163.0,1151.4615384615386,,,,,,,,,
2023-11-10,1159.0,1191.0,1172.5333333333333,,,,,,,,,
2023-11-11,1180.0,1202.0,1193.6470588235295,,,,,,,,,
2023-11-12,1184.0,1190.0,1187.0,1284.0,1329.0,1308.3333333333333,,,,,,
2023-11-13,1172.0,1178.0,1175.0,,,,,,,,,
2023-11-14,1172.0,1207.0,1186.5,,,,,,,,,
2023-11-15,1202.0,1225.0,1213.4,,,,,,,,,
2023-11-16,1181.0,1219.0,1199.391304347826,,,,,,,,,
2023-11-17,1179.0,1185.0,1182.0,,,,,,,,,
2023-11-18,1173.0,1173.0,1173.0,1330.0,1363.0,1348.5,,,,,,
2023-11-19,1163.0,1169.0,1166.0,,,,,,,,,
2023-11-20,1156.0,1156.0,1156.0,,,,,,,,,
2023-11-21,1135.0,1150.0,1142.875,1336.0,1354.0,1345.0,,,,,,
2023-11-22,1120.0,1130.0,1124.6666666666667,,,,,,,,,
2023-11-23,1057.0,1113.0,1083.8,1339.0,1347.0,1343.6,,,,,,
2023-11-24,1048.0,1053.0,1050.5,1330.0,1330.0,1330.0,,,,,,
2023-11-25,1052.0,1076.0,1063.25,1312.0,1324.0,1318.6666666666667,,,,,,
2023-11-26,1076.0,1082.0,1079.0,,,,,,,,,
2023-11-27,1076.0,1082.0,1078.3333333333333,,,,,,,,,
2023-11-28,1083.0,1102.0,1092.8333333333333,1320.0,1320.0,1320.0,,,,,,
2023-11-29,,,,1319.0,1342.0,1330.6666666666667,,,,,,
2023-11-30,,,,,,,,,,,,
2023-12-01,,,,1330.0,1330.0,1330.0,,,,,,
2023-12-02,,,,,,,,,,,,
2023-12-03,,,,1337.0,1337.0,1337.0,,,,,,
2023-12-04,,,,,,,,,,,,
2023-12-05,,,,1347.0,1355.0,1350.0,,,,,,
2023-12-06,,,,1355.0,1363.0,1359.0,,,,,,
2023-12-07,1090.0,1090.0,1090.0,1368.0,1397.0,1384.2857142857142,,,,,,
2023-12-08,,,,1379.0,1386.0,1382.5,,,,,,
2023-12-09,,,,1375.0,1393.0,1384.25,,,,,,
2023-12-10,,,,1362.0,1369.0,1365.5,,,,,,
2023-12-11,,,,1356.0,1384.0,1369.8333333333333,,,,,,
2023-12-12,1084.0,1106.0,1095.4,1388.0,1400.0,1393.4,,,,,,
2023-12-13,,,,1368.0,1383.0,1375.6,,,,,,
2023-12-14,,,,1357.0,1368.0,1362.6666666666667,,,,,,
2023-12-15,,,,,,,,,,,,
2023-12-16,,,,1369.0,1369.0,1369.0,,,,,,
2023-12-17,,,,1376.0,1376.0,1376.0,,,,,,
2023-12-18,,,,1376.0,1404.0,1390.3333333333333,,,,,,
2023-12-19,,,,1368.0,1386.0,1377.25,,,,,,
2023-12-20,,,,1374.0,1391.0,1383.0,,,,,,
2023-12-21,,,,1388.0,1400.0,1393.25,,,,,,
2023-12-22,,,,1380.0,1411.0,1395.9,,,,,,
2023-12-23,,,,1394.0,1414.0,1402.4,,,,,,
2023-12-24,1066.0,1075.0,1071.6666666666667,1375.0,1387.0,1382.0,,,,,,
2023-12-25,1068.0,1068.0,1068.0,,,,,,,,,
2023-12-26,,,,1355.0,1379.0,1368.125,,,,,,
2023-12-27,,,,1361.0,1361.0,1361.0,,,,,,
2023-12-28,,,,1355.0,1367.0,1360.4444444444443,,,,,,
2023-12-29,,,,1347.0,1364.0,1355.125,,,,,,
2023-12-30,,,,1348.0,1353.0,1350.0,,,,,,
2023-12-31,,,,1333.0,1349.0,1339.3333333333333,,,,,,
2024-01-01,,,,1326.0,1381.0,1356.0,,,,,,
2024-01-02,,,,1362.0,1369.0,1365.5,,,,,,
2024-01-03,,,,1355.0,1435.0,1400.25,,,,,,
2024-01-04,,,,1412.0,1445.0,1432.5454545454545,,,,,,
2024-01-05,,,,1435.0,1487.0,1455.3684210526317,,,,,,
2024-01-06,1059.0,1059.0,1059.0,1476.0,1513.0,1497.0,,,,,,
2024-01-07,1049.0,1049.0,1049.0,1498.0,1516.0,1507.6666666666667,,,,,,
2024-01-08,,,,1498.0,1514.0,1506.5,,,,,,
2024-01-09,1057.0,1057.0,1057.0,1492.0,1502.0,1497.0,1578.0,1636.0,1607.0,,,
2024-01-10,,,,1496.0,1507.0,1500.4,,,,,,
2024-01-11,,,,,,,1586.0,1586.0,1586.0,,,
2024-01-12,,,,1495.0,1508.0,1502.0,,,,,,
2024-01-13,,,,1493.0,1500.0,1495.6666666666667,,,,,,
2024-01-14,1053.0,1066.0,1059.5,1490.0,1510.0,1501.5,,,,,,
2024-01-15,1044.0,1062.0,1052.6666666666667,1490.0,1509.0,1499.2,,,,,,
2024-01-16,1028.0,1053.0,1040.5,1495.0,1495.0,1495.0,1615.0,1615.0,1615.0,,,
2024-01-17,,,,1481.0,1500.0,1491.428571428571,,,,,,
2024-01-18,,,,1471.0,1475.0,1473.0,,,,,,
2024-01-19,,,,,,,,,,,,
2024-01-20,,,,1474.0,1496.0,1483.6,,,,,,
2024-01-21,,,,1467.0,1467.0,1467.0,,,,,,
2024-01-22,,,,1474.0,1474.0,1474.0,,,,,,
2024-01-23,1020.0,1020.0,1020.0,1475.0,1480.0,1477.5,1610.0,1644.0,1627.0,,,
2024-01-24,1002.0,1011.0,1006.5,1450.0,1468.0,1459.0,,,,,,
2024-01-25,,,,1445.0,1466.0,1455.4,1649.0,1649.0,1649.0,,,
2024-01-26,,,,,,,,,,,,
2024-01-27,,,,,,,,,,,,
2024-01-28,,,,,,,,,,,,
2024-01-29,,,,,,,,,,,,
2024-01-30,,,,,,,,,,,,
2024-01-31,,,,,,,,,,,,
2024-02-01,,,,,,,,,,,,
2024-02-02,,,,,,,,,,,,
2024-02-03,,,,1438.0,1444.0,1441.0,,,,,,
2024-02-04,,,,1438.0,1443.0,1440.5,,,,,,
2024-02-05,1011.0,1021.0,1014.3333333333334,,,,,,,,,
2024-02-06,,,,,,,,,,,,
2024-02-07,,,,,,,,,,,,
2024-02-08,,,,,,,,,,,,
2024-02-09,,,,,,,,,,,,
2024-02-10,,,,,,,,,,,,
2024-02-11,,,,1445.0,1445.0,1445.0,,,,,,
2024-02-12,,,,1438.0,1446.0,1442.0,,,,,,
2024-02-13,,,,,,,,,,,,
2024-02-14,,,,1435.0,1453.0,1445.8333333333333,,,,,,
2024-02-15,,,,1428.0,1428.0,1428.0,,,,,,
2024-02-16,,,,,,,,,,,,
2024-02-17,,,,,,,,,,,,
2024-02-18,,,,,,,,,,,,
2024-02-19,,,,,,,,,,,,
2024-02-20,,,,1421.0,1421.0,1421.0,,,,,,
2024-02-21,,,,,,,,,,,,
2024-02-22,,,,,,,,,,,,
2024-02-23,,,,,,,,,,,,
2024-02-24,,,,,,,,,,,,
2024-02-25,,,,,,,,,,,,
2024-02-26,,,,,,,,,,,,
2024-02-27,,,,,,,,,,,,
2024-02-28,,,,,,,,,,,,
2024-02-29,,,,,,,,,,,,
2024-03-01,,,,1430.0,1430.0,1430.0,,,,,,
2024-03-02,,,,1422.0,1422.0,1422.0,,,,,,
2024-03-03,,,,,,,,,,,,
2024-03-04,,,,1423.0,1430.0,1426.5,,,,,,
2024-03-05,,,,1415.0,1423.0,1418.0,1684.0,1716.0,1698.0,,,
2024-03-06,,,,1423.0,1423.0,1423.0,,,,,,
2024-03-07,,,,,,,,,,,,
2024-03-08,,,,,,,1642.0,1668.0,1655.0,,,
2024-03-09,,,,1431.0,1446.0,1438.75,,,,,,
2024-03-10,,,,,,,,,,,,
2024-03-11,,,,1441.0,1447.0,1444.0,1665.0,1710.0,1680.0,,,
2024-03-12,,,,1447.0,1447.0,1447.0,,,,,,
2024-03-13,,,,1447.0,1456.0,1451.5,,,,,,
2024-03-14,995.0,995.0,995.0,1447.0,1454.0,1450.5,1661.0,1689.0,1674.25,,,
2024-03-15,,,,,,,,,,,,
2024-03-16,,,,1455.0,1462.0,1458.5,,,,,,
2024-03-17,,,,1458.0,1473.0,1466.0,,,,,,
2024-03-18,,,,1458.0,1464.0,1461.0,,,,,,
2024-03-19,,,,1459.0,1466.0,1462.5,1679.0,1697.0,1688.0,,,
2024-03-20,,,,1448.0,1453.0,1450.5,,,,,,
2024-03-21,,,,1443.0,1443.0,1443.0,1712.0,1729.0,1720.5,,,
2024-03-22,,,,,,,1714.0,1714.0,1714.0,,,
2024-03-23,,,,1450.0,1450.0,1450.0,1714.0,1714.0,1714.0,,,
2024-03-24,,,,1442.0,1457.0,1449.75,1703.0,1703.0,1703.0,,,
2024-03-25,,,,,,,1682.0,1693.0,1687.5,,,
2024-03-26,,,,1433.0,1445.0,1439.0,,,,,,
2024-03-27,,,,,,,,,,,,
2024-03-28,,,,,,,,,,,,
2024-03-29,,,,,,,,,,,,
2024-03-30,,,,1424.0,1438.0,1431.3333333333333,,,,,,
2024-03-31,,,,1429.0,1434.0,1431.5,,,,,,
2024-04-01,,,,,,,,,,,,
2024-04-02,,,,1413.0,1427.0,1421.2,1695.0,1708.0,1701.5,,,
2024-04-03,,,,1420.0,1426.0,1423.0,,,,,,
2024-04-04,,,,1409.0,1415.0,1412.0,,,,,,
2024-04-05,,,,1415.0,1415.0,1415.0,,,,,,
2024-04-06,,,,1409.0,1409.0,1409.0,,,,,,
2024-04-07,,,,1410.0,1416.0,1412.3333333333333,1719.0,1719.0,1719.0,,,
2024-04-08,,,,1404.0,1404.0,1404.0,,,,,,
2024-04-09,,,,1398.0,1398.0,1398.0,,,,,,
2024-04-10,,,,,,,,,,,,
2024-04-11,,,,1392.0,1392.0,1392.0,,,,,,
2024-04-12,,,,,,,,,,,,
2024-04-13,,,,1385.0,1385.0,1385.0,,,,,,
2024-04-14,,,,1391.0,1391.0,1391.0,,,,,,
2024-04-15,,,,1399.0,1399.0,1399.0,1730.0,1750.0,1738.8,,,
2024-04-16,,,,1386.0,1398.0,1391.75,,,,,,
2024-04-17,,,,,,,,,,,,
2024-04-18,1008.0,1048.0,1027.4,1380.0,1380.0,1380.0,1720.0,1730.0,1723.3333333333333,,,
2024-04-19,,,,1386.0,1386.0,1386.0,,,,,,
2024-04-20,,,,1387.0,1394.0,1390.5,,,,,,
2024-04-21,,,,1379.0,1401.0,1388.375,,,,,,
2024-04-22,,,,1380.0,1380.0,1380.0,,,,,,
2024-04-23,,,,1361.0,1373.0,1367.0,1732.0,1741.0,1736.5,,,
2024-04-24,,,,,,,,,,,,
2024-04-25,,,,1348.0,1354.0,1351.0,1730.0,1744.0,1737.0,,,
2024-04-26,,,,,,,,,,,,
2024-04-27,,,,,,,,,,,,
2024-04-28,,,,,,,,,,,,
2024-04-29,,,,,,,,,,,,
2024-04-30,1060.0,1100.0,1080.75,,,,,,,,,
2024-05-01,1070.0,1070.0,1070.0,,,,,,,,,
2024-05-02,,,,,,,,,,,,
2024-05-03,,,,,,,,,,,,
2024-05-04,,,,1355.0,1362.0,1358.5,,,,,,
2024-05-05,,,,1355.0,1363.0,1358.6,1743.0,1754.0,1748.5,,,
2024-05-06,,,,1351.0,1364.0,1357.6,1736.0,1756.0,1745.0,,,
2024-05-07,,,,1352.0,1358.0,1355.0,1737.0,1745.0,1741.0,,,
2024-05-08,,,,1358.0,1377.0,1367.5,1729.0,1729.0,1729.0,,,
2024-05-09,,,,1371.0,1376.0,1373.5,1721.0,1721.0,1721.0,,,
2024-05-10,,,,1373.0,1395.0,1383.888888888889,,,,,,
2024-05-11,,,,,,,,,,,,
2024-05-12,,,,1389.0,1390.0,1389.5,,,,,,
2024-05-13,,,,1352.0,1386.0,1371.2727272727273,1712.0,1731.0,1721.6666666666667,,,
2024-05-14,,,,1347.0,1347.0,1347.0,1720.0,1720.0,1720.0,,,
2024-05-15,,,,1323.0,1341.0,1330.3333333333333,1713.0,1713.0,1713.0,,,
2024-05-16,,,,1329.0,1334.0,1331.5,,,,,,
2024-05-17,,,,1329.0,1329.0,1329.0,1723.0,1758.0,1740.4,,,
2024-05-18,,,,1332.0,1353.0,1342.8,1745.0,1752.0,1747.3333333333333,,,
2024-05-19,,,,1348.0,1356.0,1352.4,1747.0,1752.0,1749.5,,,
2024-05-20,,,,1350.0,1361.0,1355.75,,,,,,
2024-05-21,,,,1362.0,1378.0,1369.75,,,,,,
2024-05-22,,,,1377.0,1406.0,1389.642857142857,,,,,,
2024-05-23,,,,1373.0,1396.0,1387.142857142857,1724.0,1740.0,1731.5,,,
2024-05-24,,,,1374.0,1396.0,1385.2857142857142,,,,,,
2024-05-25,,,,1385.0,1390.0,1387.5,1716.0,1723.0,1719.5,,,
2024-05-26,,,,1377.0,1386.0,1381.0,,,,,,
2024-05-27,,,,1380.0,1401.0,1390.4,,,,,,
2024-05-28,1051.0,1051.0,1051.0,1369.0,1375.0,1371.75,1696.0,1710.0,1703.0,,,
2024-05-29,,,,1363.0,1374.0,1368.25,,,,,,
2024-05-30,,,,1365.0,1382.0,1373.3333333333333,1698.0,1703.0,1700.5,,,
2024-05-31,,,,1367.0,1390.0,1378.3636363636365,1690.0,1690.0,1690.0,,,
2024-06-01,,,,1361.0,1361.0,1361.0,1697.0,1704.0,1700.0,,,
2024-06-02,,,,1365.0,1388.0,1380.6153846153843,,,,,,
2024-06-03,,,,1388.0,1411.0,1401.75,,,,,,
2024-06-04,,,,1412.0,1429.0,1419.0,1706.0,1714.0,1709.4,,,
2024-06-05,,,,1394.0,1412.0,1403.25,1695.0,1701.0,1698.0,,,
2024-06-06,,,,1395.0,1401.0,1398.0,,,,,,
2024-06-07,,,,1394.0,1413.0,1403.2,,,,,,
2024-06-08,,,,1395.0,1414.0,1404.0,1688.0,1688.0,1688.0,,,
2024-06-09,,,,1408.0,1431.0,1418.875,,,,,,
2024-06-10,,,,1410.0,1410.0,1410.0,,,,,,
2024-06-11,,,,1407.0,1449.0,1427.7142857142858,,,,,,
2024-06-12,,,,1401.0,1412.0,1406.5,,,,,,
2024-06-13,,,,1397.0,1408.0,1401.7142857142858,1680.0,1688.0,1682.6666666666667,,,
2024-06-14,,,,1381.0,1404.0,1393.8333333333333,,,,,,
2024-06-15,1070.0,1122.0,1102.111111111111,1385.0,1391.0,1387.6666666666667,,,,,,
2024-06-16,,,,,,,,,,,,
2024-06-17,,,,1378.0,1389.0,1382.6,,,,,,
2024-06-18,1117.0,1127.0,1122.0,1374.0,1384.0,1379.8333333333333,1681.0,1691.0,1686.25,,,
2024-06-19,,,,1373.0,1386.0,1379.3333333333333,,,,,,
2024-06-20,,,,1386.0,1392.0,1389.0,,,,,,
2024-06-21,1106.0,1142.0,1127.9411764705883,1363.0,1380.0,1371.8333333333333,,,,,,
2024-06-22,1121.0,1121.0,1121.0,1368.0,1368.0,1368.0,,,,,,
2024-06-23,,,,1350.0,1362.0,1357.2,,,,,,
2024-06-24,1105.0,1115.0,1110.0,1337.0,1363.0,1352.6153846153843,,,,,,
2024-06-25,1104.0,1140.0,1121.75,1315.0,1331.0,1323.25,,,,,,
2024-06-26,,,,1322.0,1332.0,1326.3333333333333,,,,,,
2024-06-27,,,,1321.0,1322.0,1321.5,,,,,,
2024-06-28,,,,1316.0,1327.0,1321.6666666666667,,,,,,
2024-06-29,,,,1311.0,1311.0,1311.0,,,,,,
2024-06-30,,,,,,,,,,,,
2024-07-01,,,,1306.0,1306.0,1306.0,,,,,,
2024-07-02,1121.0,1126.0,1123.5,1301.0,1301.0,1301.0,,,,,,
2024-07-03,1108.0,1121.0,1115.0,1282.0,1300.0,1289.625,,,,,,
2024-07-04,1101.0,1107.0,1103.3333333333333,1294.0,1294.0,1294.0,,,,,,
2024-07-05,,,,1288.0,1288.0,1288.0,,,,,,
2024-07-06,,,,1294.0,1294.0,1294.0,,,,,,
2024-07-07,,,,,,,,,,,,
2024-07-08,,,,1283.0,1288.0,1285.5,,,,,,
2024-07-09,1091.0,1096.0,1093.5,1276.0,1276.0,1276.0,1702.0,1712.0,1707.0,,,
2024-07-10,,,,1269.0,1269.0,1269.0,,,,,,
2024-07-11,1084.0,1091.0,1087.5,1275.0,1287.0,1280.142857142857,1722.0,1733.0,1726.3333333333333,,,
2024-07-12,1083.0,1100.0,1091.0,,,,1733.0,1733.0,1733.0,,,
2024-07-13,,,,1259.0,1276.0,1268.6,1716.0,1725.0,1720.5,,,
2024-07-14,1087.0,1087.0,1087.0,1264.0,1272.0,1268.2,,,,,,
2024-07-15,,,,1264.0,1264.0,1264.0,,,,,,
2024-07-16,1067.0,1093.0,1080.0,1245.0,1258.0,1251.3333333333333,1725.0,1735.0,1730.25,,,
2024-07-17,,,,1245.0,1258.0,1251.8,,,,,,
2024-07-18,,,,1247.0,1290.0,1276.6842105263158,,,,,,
2024-07-19,,,,1272.0,1283.0,1277.25,,,,,,
2024-07-20,,,,1285.0,1295.0,1289.875,,,,,,
2024-07-21,,,,1296.0,1302.0,1298.3333333333333,,,,,,
2024-07-22,,,,1292.0,1353.0,1326.84375,,,,,,
2024-07-23,,,,1317.0,1353.0,1333.6153846153843,,,,,,
2024-07-24,,,,1295.0,1345.0,1322.7272727272727,,,,,,
2024-07-25,,,,1301.0,1317.0,1307.5,,,,,,
2024-07-26,,,,1305.0,1332.0,1317.0526315789473,,,,,,
2024-07-27,,,,1318.0,1345.0,1332.1,,,,,,
2024-07-28,,,,1310.0,1329.0,1316.625,,,,,,
2024-07-29,,,,1262.0,1319.0,1282.5238095238096,,,,,,
2024-07-30,,,,,,,,,,,,
2024-07-31,,,,,,,,,,,,
2024-08-01,,,,,,,,,,,,
2024-08-02,,,,,,,,,,,,
2024-08-03,,,,1269.0,1298.0,1287.6363636363635,,,,,,
2024-08-04,,,,1298.0,1332.0,1316.0,,,,,,
2024-08-05,,,,1331.0,1337.0,1334.0,,,,,,
2024-08-06,,,,1327.0,1347.0,1337.571428571429,,,,,,
2024-08-07,,,,1339.0,1353.0,1344.8,,,,,,
2024-08-08,,,,1345.0,1368.0,1357.4,,,,,,
2024-08-09,,,,1346.0,1357.0,1351.6666666666667,,,,,,
2024-08-10,,,,1342.0,1352.0,1347.0,,,,,,
2024-08-11,,,,1337.0,1359.0,1347.428571428571,,,,,,
2024-08-12,,,,1354.0,1354.0,1354.0,,,,,,
2024-08-13,,,,1360.0,1370.0,1364.6666666666667,,,,,,
2024-08-14,,,,1376.0,1401.0,1391.1,,,,,,
2024-08-15,,,,1385.0,1402.0,1392.4545454545455,,,,,,
2024-08-16,,,,1392.0,1392.0,1392.0,,,,,,
2024-08-17,,,,1380.0,1402.0,1391.8333333333333,,,,,,
2024-08-18,,,,1384.0,1399.0,1391.75,,,,,,
2024-08-19,,,,1377.0,1388.0,1381.8333333333333,,,,,,
2024-08-20,,,,1375.0,1375.0,1375.0,,,,,,
2024-08-21,,,,1376.0,1382.0,1380.0,,,,,,
2024-08-22,,,,,,,,,,,,
2024-08-23,,,,,,,,,,,,
2024-08-24,,,,,,,,,,,,
2024-08-25,,,,1383.0,1383.0,1383.0,,,,,,
2024-08-26,,,,1366.0,1377.0,1371.5,,,,,,
2024-08-27,,,,1367.0,1391.0,1377.428571428571,,,,,,
2024-08-28,,,,,,,,,,,,
2024-08-29,,,,1384.0,1396.0,1390.0,,,,,,
2024-08-30,,,,1377.0,1400.0,1386.7857142857142,,,,,,
2024-08-31,,,,1372.0,1393.0,1383.8,,,,,,
2024-09-01,,,,1357.0,1381.0,1367.8333333333333,,,,,,
2024-09-02,,,,1340.0,1359.0,1348.571428571429,,,,,,
2024-09-03,,,,1347.0,1363.0,1354.5,1700.0,1735.0,1715.6666666666667,,,
2024-09-04,,,,1358.0,1369.0,1364.375,1679.0,1692.0,1686.3333333333333,,,
2024-09-05,,,,1346.0,1357.0,1351.3333333333333,1665.0,1700.0,1684.2,,,
2024-09-06,1080.0,1102.0,1089.2,1335.0,1352.0,1345.3333333333333,,,,,,
2024-09-07,,,,1320.0,1329.0,1325.0,,,,,,
2024-09-08,,,,1314.0,1322.0,1317.8,1680.0,1700.0,1690.0,,,
2024-09-09,,,,1323.0,1335.0,1329.5,,,,,,
2024-09-10,,,,1315.0,1327.0,1322.2,1660.0,1671.0,1667.0,,,
2024-09-11,,,,1309.0,1309.0,1309.0,,,,,,
2024-09-12,,,,1307.0,1314.0,1310.5,1662.0,1662.0,1662.0,,,
2024-09-13,,,,1313.0,1318.0,1315.5,,,,,,
2024-09-14,,,,1307.0,1314.0,1310.5,,,,,,
2024-09-15,,,,1313.0,1313.0,1313.0,,,,,,
2024-09-16,,,,1308.0,1314.0,1310.3333333333333,,,,,,
2024-09-17,,,,1298.0,1310.0,1304.2,1654.0,1664.0,1657.6666666666667,,,
2024-09-18,,,,1299.0,1299.0,1299.0,,,,,,
2024-09-19,,,,1293.0,1310.0,1302.142857142857,1640.0,1664.0,1654.0,,,
2024-09-20,,,,1289.0,1304.0,1295.3,,,,,,
2024-09-21,,,,1291.0,1319.0,1305.2307692307693,,,,,,
2024-09-22,,,,1306.0,1319.0,1311.8181818181818,,,,,,
2024-09-23,,,,1315.0,1354.0,1336.9166666666667,,,,,,
2024-09-24,,,,1345.0,1355.0,1350.0,,,,,,
2024-09-25,,,,,,,,,,,,
2024-09-26,,,,1347.0,1401.0,1368.470588235294,,,,,,
2024-09-27,,,,1395.0,1409.0,1400.7142857142858,,,,,,
2024-09-28,,,,1392.0,1421.0,1403.5454545454545,,,,,,
2024-09-29,1067.0,1067.0,1067.0,1395.0,1400.0,1397.8,,,,,,
2024-09-30,1051.0,1051.0,1051.0,1406.0,1418.0,1412.3,1640.0,1651.0,1645.5,,,
2024-10-01,1038.0,1075.0,1056.1666666666667,1358.0,1401.0,1379.7777777777778,,,,,,
2024-10-02,1026.0,1039.0,1032.5,1353.0,1393.0,1379.5357142857142,,,,,,
2024-10-03,1031.0,1039.0,1035.0,1367.0,1380.0,1374.428571428571,1642.0,1653.0,1647.0,,,
2024-10-04,1011.0,1021.0,1016.0,1359.0,1391.0,1379.8,,,,,,
2024-10-05,1023.0,1045.0,1035.428571428571,1342.0,1354.0,1347.1666666666667,,,,,,
2024-10-06,1003.0,1030.0,1016.0,1349.0,1366.0,1359.125,1635.0,1635.0,1635.0,,,
2024-10-07,,,,1372.0,1379.0,1375.0,,,,,,
2024-10-08,995.0,1034.0,1016.8125,1367.0,1377.0,1371.75,1625.0,1650.0,1637.625,,,
2024-10-09,1030.0,1041.0,1034.75,1342.0,1365.0,1351.3636363636365,,,,,,
2024-10-10,1030.0,1040.0,1035.3333333333333,1330.0,1341.0,1335.25,1657.0,1686.0,1673.0,,,
2024-10-11,,,,,,,,,,,,
2024-10-12,,,,1331.0,1336.0,1333.5,,,,,,
2024-10-13,,,,1325.0,1334.0,1329.6666666666667,,,,,,
2024-10-14,1041.0,1078.0,1059.642857142857,1339.0,1339.0,1339.0,1662.0,1671.0,1666.5,,,
2024-10-15,1060.0,1089.0,1072.375,1333.0,1333.0,1333.0,1662.0,1662.0,1662.0,,,
2024-10-16,1083.0,1083.0,1083.0,1327.0,1339.0,1332.8,,,,,,
2024-10-17,1079.0,1090.0,1084.2,1298.0,1328.0,1312.888888888889,,,,,,
2024-10-18,1085.0,1094.0,1089.25,1297.0,1314.0,1305.0,,,,,,
2024-10-19,1083.0,1083.0,1083.0,1295.0,1311.0,1303.0,1664.0,1670.0,1667.0,,,
2024-10-20,,,,1313.0,1335.0,1325.7777777777778,1645.0,1664.0,1654.2857142857142,,,
2024-10-21,,,,1307.0,1318.0,1312.6666666666667,1638.0,1651.0,1643.6363636363635,,,
2024-10-22,1090.0,1103.0,1096.75,1312.0,1312.0,1312.0,1647.0,1666.0,1655.6,,,
2024-10-23,1103.0,1110.0,1106.0,1307.0,1307.0,1307.0,1650.0,1660.0,1655.0,,,
2024-10-24,1109.0,1121.0,1114.0,1301.0,1301.0,1301.0,1653.0,1660.0,1656.5,,,
2024-10-25,,,,1295.0,1295.0,1295.0,,,,,,
2024-10-26,1119.0,1127.0,1122.0,,,,1652.0,1668.0,1660.0,,,
2024-10-27,1123.0,1132.0,1126.75,,,,,,,,,
2024-10-28,,,,1303.0,1303.0,1303.0,1655.0,1661.0,1658.0,,,
2024-10-29,1111.0,1146.0,1127.125,1292.0,1298.0,1295.0,1648.0,1666.0,1654.6666666666667,,,
2024-10-30,1153.0,1163.0,1157.5,1288.0,1303.0,1294.75,1643.0,1643.0,1643.0,,,
2024-10-31,1147.0,1171.0,1157.125,1272.0,1283.0,1277.3333333333333,1625.0,1638.0,1631.8,,,
2024-11-01,,,,1267.0,1337.0,1312.576923076923,,,,,,
2024-11-02,1161.0,1178.0,1170.0,1329.0,1346.0,1337.7777777777778,,,,,,
2024-11-03,1154.0,1154.0,1154.0,1318.0,1324.0,1321.6666666666667,,,,,,
2024-11-04,1134.0,1310.0,1207.984126984127,,,,,,,,,
2024-11-05,1299.0,1299.0,1299.0,1319.0,1336.0,1328.2,1633.0,1639.0,1636.0,,,
2024-11-06,,,,1333.0,1398.0,1369.4375,,,,,,
2024-11-07,1286.0,1305.0,1296.3636363636365,1388.0,1394.0,1390.0,1628.0,1633.0,1630.5,,,
2024-11-08,,,,,,,,,,,,
2024-11-09,,,,,,,,,,,,
2024-11-10,,,,,,,,,,,,
2024-11-11,1285.0,1285.0,1285.0,,,,,,,,,
2024-11-12,,,,,,,,,,,,
2024-11-13,,,,1366.0,1380.0,1373.5,,,,,,
2024-11-14,1278.0,1278.0,1278.0,1355.0,1362.0,1358.0,1623.0,1630.0,1625.3333333333333,,,
2024-11-15,,,,1355.0,1395.0,1376.25,,,,,,
2024-11-16,,,,1385.0,1407.0,1398.9333333333334,,,,,,
2024-11-17,,,,1395.0,1425.0,1409.190476190476,,,,,,
2024-11-18,,,,1406.0,1424.0,1413.7692307692307,,,,,,
2024-11-19,,,,1382.0,1405.0,1394.8333333333333,1609.0,1616.0,1613.6666666666667,,,
2024-11-20,,,,1372.0,1378.0,1375.0,1609.0,1625.0,1615.0,,,
2024-11-21,,,,1378.0,1389.0,1383.857142857143,,,,,,
2024-11-22,,,,1384.0,1394.0,1389.0,,,,,,
2024-11-23,,,,1379.0,1379.0,1379.0,,,,,,
2024-11-24,,,,,,,,,,,,
2024-11-25,,,,1383.0,1383.0,1383.0,,,,,,
2024-11-26,1263.0,1270.0,1266.5,1368.0,1378.0,1372.6666666666667,1625.0,1632.0,1628.5,,,
2024-11-27,,,,,,,,,,,,
2024-11-28,1264.0,1271.0,1268.3333333333333,1368.0,1400.0,1383.0,1633.0,1640.0,1637.6666666666667,,,
2024-11-29,,,,1400.0,1400.0,1400.0,,,,,,
2024-11-30,,,,,,,,,,,,
2024-12-01,1278.0,1286.0,1282.0,1382.0,1393.0,1387.6666666666667,,,,,,
2024-12-02,,,,1365.0,1388.0,1374.7777777777778,,,,,,
2024-12-03,1278.0,1278.0,1278.0,1348.0,1360.0,1353.6666666666667,1648.0,1663.0,1655.3333333333333,,,
2024-12-04,1279.0,1279.0,1279.0,1329.0,1355.0,1342.857142857143,1655.0,1655.0,1655.0,,,
2024-12-05,1265.0,1272.0,1267.3333333333333,1321.0,1338.0,1331.3333333333333,1663.0,1663.0,1663.0,,,
2024-12-06,,,,,,,,,,,,
2024-12-07,,,,1325.0,1331.0,1327.3333333333333,,,,,,
2024-12-08,,,,1333.0,1347.0,1338.8,,,,,,
2024-12-09,,,,1344.0,1363.0,1353.909090909091,,,,,,
2024-12-10,,,,1347.0,1359.0,1352.2,1671.0,1679.0,1675.0,,,
2024-12-11,,,,1347.0,1363.0,1355.6,1682.0,1692.0,1687.0,,,
2024-12-12,1256.0,1256.0,1256.0,1353.0,1363.0,1358.6666666666667,1689.0,1697.0,1693.0,,,
2024-12-13,,,,1350.0,1355.0,1351.6666666666667,1704.0,1711.0,1707.0,,,
2024-12-14,,,,1345.0,1361.0,1353.0,1713.0,1733.0,1723.857142857143,,,
2024-12-15,,,,1356.0,1362.0,1358.3333333333333,1728.0,1754.0,1741.7692307692307,,,
2024-12-16,,,,1363.0,1368.0,1364.6666666666667,1735.0,1741.0,1738.0,,,
2024-12-17,,,,1367.0,1374.0,1370.4,1725.0,1730.0,1727.5,,,
2024-12-18,,,,1361.0,1368.0,1363.6666666666667,1719.0,1726.0,1722.5,,,
2024-12-19,1254.0,1271.0,1261.8333333333333,1356.0,1368.0,1361.6666666666667,1715.0,1722.0,1719.3333333333333,,,
2024-12-20,1240.0,1247.0,1243.5,1339.0,1350.0,1344.6666666666667,1708.0,1745.0,1726.7777777777778,,,
2024-12-21,,,,1335.0,1340.0,1337.5,1745.0,1762.0,1751.7777777777778,,,
2024-12-22,,,,1329.0,1329.0,1329.0,1765.0,1771.0,1767.6666666666667,,,
2024-12-23,,,,1330.0,1335.0,1332.5,1745.0,1758.0,1751.857142857143,,,
2024-12-24,,,,1324.0,1330.0,1326.3333333333333,1743.0,1750.0,1746.5,,,
2024-12-25,,,,,,,1731.0,1738.0,1734.5,,,
2024-12-26,1230.0,1230.0,1230.0,1329.0,1340.0,1335.5,1731.0,1751.0,1740.357142857143,,,
2024-12-27,,,,1317.0,1329.0,1323.6,1735.0,1754.0,1745.5555555555557,,,
2024-12-28,1223.0,1223.0,1223.0,1325.0,1325.0,1325.0,1741.0,1756.0,1748.6,,,
2024-12-29,,,,,,,1724.0,1735.0,1729.6666666666667,,,
2024-12-30,,,,,,,1722.0,1762.0,1740.9166666666667,,,
2024-12-31,,,,,,,1739.0,1749.0,1744.0,,,
2025-01-01,,,,,,,,,,,,
2025-01-02,,,,1319.0,1319.0,1319.0,1733.0,1733.0,1733.0,,,
2025-01-03,,,,1301.0,1312.0,1306.6666666666667,1727.0,1751.0,1737.5,,,
2025-01-04,,,,1300.0,1308.0,1305.0,1759.0,1764.0,1761.0,,,
2025-01-05,,,,1313.0,1354.0,1332.6190476190477,1754.0,1754.0,1754.0,,,
2025-01-06,,,,1343.0,1363.0,1353.6666666666667,1748.0,1748.0,1748.0,,,
2025-01-07,1202.0,1210.0,1206.0,1336.0,1347.0,1341.0,1742.0,1742.0,1742.0,,,
2025-01-08,,,,1305.0,1330.0,1317.0,1748.0,1753.0,1750.0,,,
2025-01-09,1193.0,1193.0,1193.0,1306.0,1311.0,1308.5,1749.0,1754.0,1751.5,,,
2025-01-10,1193.0,1203.0,1198.0,1312.0,1312.0,1312.0,1743.0,1749.0,1745.3333333333333,,,
2025-01-11,,,,1297.0,1304.0,1300.5,1731.0,1744.0,1737.6,,,
2025-01-12,,,,,,,1732.0,1745.0,1738.3333333333333,,,
2025-01-13,,,,1293.0,1293.0,1293.0,1738.0,1754.0,1746.6666666666667,,,
2025-01-14,1203.0,1203.0,1203.0,1287.0,1298.0,1293.0,1733.0,1739.0,1737.0,,,
2025-01-15,1203.0,1212.0,1207.5,,,,1734.0,1734.0,1734.0,,,
2025-01-16,1195.0,1195.0,1195.0,1283.0,1290.0,1286.5,1720.0,1737.0,1728.8333333333333,,,
2025-01-17,,,,1278.0,1295.0,1287.111111111111,1714.0,1758.0,1735.6875,,,
2025-01-18,,,,1296.0,1332.0,1315.2727272727273,,,,,,
2025-01-19,,,,1330.0,1337.0,1333.5,,,,,,
2025-01-20,,,,1320.0,1341.0,1332.1,1749.0,1764.0,1757.25,,,
2025-01-21,,,,1314.0,1320.0,1316.6,1762.0,1770.0,1765.6666666666667,,,
2025-01-22,1185.0,1185.0,1185.0,1308.0,1322.0,1315.4,1771.0,1805.0,1785.0,,,
2025-01-23,,,,1302.0,1302.0,1302.0,1793.0,1798.0,1795.5,,,
2025-01-24,,,,1296.0,1296.0,1296.0,1797.0,1825.0,1809.7777777777776,,,
2025-01-25,,,,1292.0,1303.0,1297.0,,,,,,
2025-01-26,,,,1289.0,1302.0,1295.25,,,,,,
2025-01-27,,,,1291.0,1296.0,1293.5,1813.0,1813.0,1813.0,,,
2025-01-28,,,,1267.0,1287.0,1276.75,1806.0,1813.0,1809.5,,,
2025-01-29,,,,1273.0,1273.0,1273.0,1800.0,1813.0,1805.25,,,
2025-01-30,,,,1273.0,1279.0,1277.0,1795.0,1795.0,1795.0,,,
2025-01-31,,,,1266.0,1285.0,1277.8333333333333,,,,,,
2025-02-01,,,,,,,,,,,,
2025-02-02,1174.0,1174.0,1174.0,1253.0,1260.0,1256.5,,,,,,
2025-02-03,,,,,,,,,,,,
2025-02-04,,,,,,,,,,,,
2025-02-05,,,,1260.0,1260.0,1260.0,,,,,,
2025-02-06,,,,,,,,,,,,
2025-02-07,,,,,,,,,,,,
2025-02-08,,,,,,,,,,,,
2025-02-09,,,,,,,,,,,,
2025-02-10,,,,1266.0,1266.0,1266.0,,,,,,
2025-02-11,,,,,,,,,,,,
2025-02-12,,,,,,,,,,,,
2025-02-13,,,,,,,,,,,,
2025-02-14,,,,,,,,,,,,
2025-02-15,,,,,,,,,,,,
2025-02-16,,,,,,,,,,,,
2025-02-17,,,,,,,,,,,,
2025-02-18,,,,,,,,,,,,
2025-02-19,,,,,,,,,,,,
2025-02-20,,,,,,,,,,,,
2025-02-21,,,,,,,,,,,,
2025-02-22,,,,,,,,,,,,
2025-02-23,,,,,,,,,,,,
2025-02-24,,,,,,,,,,,,
2025-02-25,,,,,,,,,,,,
2025-02-26,,,,,,,,,,,,
2025-02-27,,,,,,,,,,,,
2025-02-28,,,,,,,,,,,,
2025-03-01,,,,,,,,,,,,
2025-03-02,,,,,,,,,,,,
2025-03-03,,,,,,,,,,,,
2025-03-04,,,,,,,,,,,,
2025-03-05,,,,,,,,,,,,
2025-03-06,,,,,,,,,,,,
2025-03-07,,,,,,,,,,,,
2025-03-08,,,,1258.0,1258.0,1258.0,,,,,,
2025-03-09,,,,,,,,,,,,
2025-03-10,,,,,,,,,,,,
2025-03-11,,,,,,,1793.0,1806.0,1798.0,,,
2025-03-12,,,,,,,,,,,,
2025-03-13,,,,,,,1783.0,1794.0,1788.5,,,
2025-03-14,,,,,,,,,,,,
2025-03-15,,,,,,,1779.0,1806.0,1793.2,,,
2025-03-16,,,,,,,1778.0,1788.0,1783.0,,,
2025-03-17,,,,,,,1778.0,1832.0,1803.4444444444443,,,
2025-03-18,,,,,,,1840.0,1847.0,1842.3333333333333,,,
2025-03-19,,,,,,,1817.0,1833.0,1826.0,,,
2025-03-20,,,,,,,1819.0,1832.0,1824.2,,,
2025-03-21,,,,,,,1815.0,1836.0,1826.3333333333333,,,
2025-03-22,,,,,,,1823.0,1835.0,1829.1666666666667,,,
2025-03-23,,,,,,,,,,,,
2025-03-24,,,,,,,1812.0,1817.0,1814.5,,,
2025-03-25,,,,,,,1806.0,1813.0,1810.3333333333333,,,
2025-03-26,,,,,,,,,,,,
2025-03-27,,,,,,,,,,,,
2025-03-28,,,,,,,,,,,,
2025-03-29,,,,,,,,,,,,
2025-03-30,,,,,,,,,,,,
2025-03-31,,,,,,,1805.0,1805.0,1805.0,,,
2025-04-01,1177.0,1195.0,1186.0,1233.0,1244.0,1238.5,1813.0,1820.0,1815.3333333333333,,,
2025-04-02,,,,,,,,,,,,
2025-04-03,1161.0,1176.0,1168.5,1220.0,1220.0,1220.0,1806.0,1813.0,1808.6666666666667,,,
2025-04-04,,,,,,,,,,,,
2025-04-05,,,,,,,1800.0,1807.0,1803.0,,,
2025-04-06,,,,,,,,,,,,
2025-04-07,,,,,,,1799.0,1808.0,1803.3333333333333,,,
2025-04-08,,,,,,,1787.0,1800.0,1793.5,,,
2025-04-09,,,,1206.0,1206.0,1206.0,1780.0,1786.0,1782.3333333333333,,,
2025-04-10,,,,,,,,,,,,
2025-04-11,,,,1217.0,1218.0,1217.5,,,,,,
2025-04-12,,,,,,,,,,,,
2025-04-13,,,,1227.0,1242.0,1232.6666666666667,1775.0,1775.0,1775.0,,,
2025-04-14,,,,,,,1782.0,1793.0,1787.0,,,
2025-04-15,,,,,,,1791.0,1795.0,1793.0,,,
2025-04-16,,,,,,,1785.0,1808.0,1795.4444444444443,,,
2025-04-17,1161.0,1161.0,1161.0,,,,1797.0,1814.0,1806.0,,,
2025-04-18,,,,,,,1798.0,1822.0,1809.3,,,
2025-04-19,,,,,,,,,,,,
2025-04-20,,,,1230.0,1242.0,1236.0,,,,,,
2025-04-21,,,,,,,1817.0,1824.0,1821.3333333333333,,,
2025-04-22,,,,1236.0,1361.0,1308.357142857143,1816.0,1845.0,1829.8,,,
2025-04-23,,,,1370.0,1553.0,1483.525,,,,,,
2025-04-24,1164.0,1180.0,1174.3333333333333,1518.0,1533.0,1527.428571428571,1842.0,1846.0,1844.0,,,
2025-04-25,,,,1510.0,1560.0,1537.909090909091,,,,,,
2025-04-26,,,,1519.0,1543.0,1534.5,,,,,,
2025-04-27,1181.0,1214.0,1199.0,1519.0,1525.0,1522.3333333333333,,,,,,
2025-04-28,,,,1514.0,1514.0,1514.0,1840.0,1845.0,1841.6666666666667,,,
2025-04-29,,,,,,,,,,,,
2025-04-30,,,,,,,,,,,,
2025-05-01,,,,,,,,,,,,
2025-05-02,,,,,,,,,,,,
2025-05-03,,,,,,,,,,,,
2025-05-04,1190.0,1190.0,1190.0,,,,,,,,,
2025-05-05,1179.0,1192.0,1185.5,1521.0,1528.0,1523.6666666666667,,,,,,
2025-05-06,1180.0,1180.0,1180.0,1522.0,1529.0,1525.5,1845.0,1854.0,1848.8,,,
2025-05-07,,,,1522.0,1528.0,1525.0,1849.0,1849.0,1849.0,,,
2025-05-08,1166.0,1166.0,1166.0,,,,,,,,,
2025-05-09,,,,1509.0,1515.0,1512.0,,,,,,
2025-05-10,,,,,,,,,,,,
2025-05-11,,,,,,,1856.0,1856.0,1856.0,,,
2025-05-12,,,,1497.0,1503.0,1500.0,,,,,,
2025-05-13,,,,,,,,,,,,
2025-05-14,,,,,,,,,,,,
2025-05-15,1175.0,1175.0,1175.0,,,,,,,,,
2025-05-16,,,,,,,,,,,,
2025-05-17,1188.0,1188.0,1188.0,,,,,,,,,
2025-05-18,,,,,,,,,,,,
2025-05-19,,,,,,,,,,,,
2025-05-20,,,,,,,,,,,,
2025-05-21,,,,,,,,,,,,
2025-05-22,,,,,,,,,,,,
2025-05-23,,,,,,,,,,,,
2025-05-24,,,,,,,,,,,,
2025-05-25,,,,,,,,,,,,
2025-05-26,,,,,,,,,,,,
2025-05-27,,,,,,,,,,,,
2025-05-28,,,,,,,,,,,,
2025-05-29,,,,,,,,,,,,
2025-05-30,,,,,,,,,,,,
2025-05-31,,,,,,,,,,,,
2025-06-01,,,,,,,,,,,,
2025-06-02,,,,,,,,,,,,
2025-06-03,,,,,,,,,,,,
2025-06-04,,,,1505.0,1524.0,1514.3333333333333,,,,,,
2025-06-05,,,,,,,,,,,,
2025-06-06,,,,,,,,,,,,
2025-06-07,,,,,,,,,,,,
2025-06-08,,,,,,,,,,,,
2025-06-09,,,,1416.0,1562.0,1542.142857142857,,,,,,
2025-06-10,,,,1544.0,1581.0,1564.75,,,,,,
2025-06-11,,,,1111.0,1571.0,1505.2727272727273,,,,,,
2025-06-12,,,,1528.0,1536.0,1532.0,,,,,,
2025-06-13,,,,1542.0,1578.0,1561.0666666666666,,,,,,
2025-06-14,,,,1555.0,1567.0,1561.5,,,,,,
2025-06-15,,,,1555.0,1561.0,1557.25,,,,,,
2025-06-16,,,,1542.0,1552.0,1547.111111111111,1843.0,1843.0,1843.0,,,
2025-06-17,,,,,,,,,,,,
2025-06-18,,,,1543.0,1551.0,1546.3333333333333,,,,,,
2025-06-19,1170.0,1187.0,1176.3333333333333,1533.0,1539.0,1536.0,1853.0,1868.0,1860.5,,,
2025-06-20,1185.0,1185.0,1185.0,1527.0,1527.0,1527.0,1857.0,1857.0,1857.0,,,
2025-06-21,1185.0,1199.0,1192.0,1528.0,1538.0,1532.4444444444443,,,,,,
2025-06-22,,,,1528.0,1539.0,1534.0,,,,,,
2025-06-23,1171.0,1171.0,1171.0,1522.0,1528.0,1525.0,1848.0,1848.0,1848.0,,,
2025-06-24,1151.0,1183.0,1164.125,,,,1835.0,1848.0,1841.5,,,
2025-06-25,1160.0,1182.0,1169.25,1517.0,1517.0,1517.0,,,,,,
2025-06-26,1173.0,1173.0,1173.0,,,,,,,,,
2025-06-27,,,,,,,,,,,,
2025-06-28,,,,,,,,,,,,
2025-06-29,,,,,,,,,,,,
2025-06-30,1161.0,1161.0,1161.0,,,,,,,,,
2025-07-01,,,,,,,,,,,,
2025-07-02,,,,,,,,,,,,
2025-07-03,,,,,,,,,,,,
2025-07-04,,,,,,,,,,,,
2025-07-05,,,,,,,,,,,,
2025-07-06,,,,,,,,,,,,
2025-07-07,,,,,,,,,,,,
2025-07-08,,,,,,,,,,,,
2025-07-09,,,,,,,,,,,,
2025-07-10,,,,,,,,,,,,
2025-07-11,,,,,,,,,,,,
2025-07-12,,,,,,,,,,,,
2025-07-13,,,,,,,,,,,,
2025-07-14,,,,,,,,,,,,
2025-07-15,,,,,,,,,,,,
2025-07-16,,,,,,,,,,,,
2025-07-17,,,,,,,,,,,,
2025-07-18,,,,,,,,,,,,
2025-07-19,,,,,,,,,,,,
2025-07-20,,,,,,,,,,,,
2025-07-21,,,,,,,,,,,,
2025-07-22,,,,,,,,,,,,
2025-07-23,,,,,,,,,,,,
2025-07-24,1148.0,1148.0,1148.0,1528.0,1528.0,1528.0,,,,,,
2025-07-25,,,,,,,,,,,,
2025-07-26,,,,,,,,,,,,
2025-07-27,,,,,,,,,,,,
2025-07-28,,,,,,,,,,,,
2025-07-29,,,,,,,,,,,,
2025-07-30,,,,,,,,,,,,
2025-07-31,,,,,,,,,,,,
2025-08-01,,,,,,,,,,,,
2025-08-02,,,,,,,,,,,,
2025-08-03,,,,,,,,,,,,
2025-08-04,,,,,,,,,,,,
2025-08-05,,,,,,,,,,,,
2025-08-06,,,,,,,,,,,,
2025-08-07,,,,,,,,,,,,
2025-08-08,,,,,,,,,,,,
2025-08-09,,,,,,,,,,,,
2025-08-10,,,,,,,,,,,,
2025-08-11,,,,,,,,,,,,
2025-08-12,,,,,,,,,,,,
2025-08-13,,,,,,,,,,,,
2025-08-14,,,,,,,,,,,,
2025-08-15,,,,,,,,,,,,
2025-08-16,,,,1517.0,1526.0,1520.0,,,,,,
2025-08-17,,,,,,,,,,,,
2025-08-18,,,,,,,,,,,,
2025-08-19,,,,,,,,,,,,
2025-08-20,,,,,,,,,,,,
2025-08-21,1136.0,1136.0,1136.0,,,,,,,,,
2025-08-22,,,,,,,,,,,,
2025-08-23,,,,,,,,,,,,
2025-08-24,,,,,,,,,,,,
2025-08-25,,,,,,,,,,,,
2025-08-26,,,,,,,,,,,,
2025-08-27,,,,,,,,,,,,
2025-08-28,,,,,,,,,,,,
2025-08-29,,,,,,,,,,,,
2025-08-30,,,,,,,,,,,,
2025-08-31,,,,,,,,,,,,
2025-09-01,,,,,,,,,,,,
2025-09-02,1153.0,1168.0,1160.5,,,,,,,,,
2025-09-03,,,,,,,,,,,,
2025-09-04,,,,,,,,,,,,
2025-09-05,,,,,,,,,,,,
2025-09-06,,,,,,,,,,,,
2025-09-07,,,,,,,,,,,,
2025-09-08,,,,,,,,,,,,
2025-09-09,,,,,,,,,,,,
2025-09-10,,,,,,,,,,,,
2025-09-11,,,,,,,,,,,,
2025-09-12,,,,,,,,,,,,
2025-09-13,,,,,,,,,,,,
2025-09-14,,,,,,,,,,,,
2025-09-15,,,,,,,,,,,,
2025-09-16,,,,,,,,,,,,
2025-09-17,,,,,,,,,,,,
2025-09-18,,,,,,,,,,,,
2025-09-19,,,,,,,,,,,,
2025-09-20,,,,,,,,,,,,
2025-09-21,,,,1501.0,1611.0,1559.142857142857,,,,,,
2025-09-22,,,,,,,,,,,,
2025-09-23,,,,,,,,,,,,
2025-09-24,,,,,,,,,,,,
2025-09-25,,,,,,,,,,,,
2025-09-26,,,,,,,,,,,,
2025-09-27,,,,,,,,,,,,
2025-09-28,,,,,,,,,,,,
2025-09-29,,,,,,,,,,,,
2025-09-30,,,,,,,,,,,,
2025-10-01,,,,,,,,,,,,
2025-10-02,,,,,,,,,,,,
2025-10-03,,,,,,,,,,,,
2025-10-04,,,,,,,,,,,,
2025-10-05,,,,,,,,,,,,
2025-10-06,,,,1586.0,1621.0,1603.125,,,,,,
2025-10-07,,,,,,,,,,,,
2025-10-08,,,,,,,,,,,,
2025-10-09,,,,,,,,,,,,
2025-10-10,,,,,,,,,,,,
2025-10-11,,,,,,,,,,,,
2025-10-12,,,,,,,,,,,,
2025-10-13,,,,,,,,,,,,
2025-10-14,,,,,,,,,,,,
2025-10-15,,,,1590.0,1607.0,1598.25,,,,,,
2025-10-16,,,,,,,,,,,,
2025-10-17,,,,,,,,,,,,
2025-10-18,,,,,,,,,,,,
2025-10-19,,,,1576.0,1613.0,1593.909090909091,,,,,,
2025-10-20,,,,1582.0,1582.0,1582.0,,,,,,
2025-10-21,,,,,,,,,,,,
2025-10-22,,,,1574.0,1587.0,1579.6666666666667,,,,,,
2025-10-23,,,,1570.0,1572.0,1571.0,1819.0,1819.0,1819.0,,,
2025-10-24,,,,,,,,,,,,
2025-10-25,,,,,,,,,,,,
2025-10-26,,,,,,,,,,,,
2025-10-27,,,,,,,,,,,,
2025-10-28,,,,,,,,,,,,
2025-10-29,,,,,,,,,,,,
2025-10-30,,,,,,,,,,,,
2025-10-31,,,,1562.0,1562.0,1562.0,,,,,,
2025-11-01,,,,,,,,,,,,
2025-11-02,,,,,,,,,,,,
2025-11-03,,,,,,,,,,,,
2025-11-04,,,,,,,,,,,,
2025-11-05,,,,1566.0,1569.0,1567.5,,,,,,
2025-11-06,,,,1557.0,1568.0,1563.0,,,,,,
2025-11-07,,,,1553.0,1553.0,1553.0,,,,,,
2025-11-08,,,,,,,,,,,,
2025-11-09,,,,,,,,,,,,
2025-11-10,,,,,,,,,,,,
2025-11-11,,,,1562.0,1567.0,1565.0,,,,,,
2025-11-12,,,,1554.0,1554.0,1554.0,,,,,,
2025-11-13,,,,,,,,,,,,
2025-11-14,,,,,,,,,,,,
2025-11-15,,,,,,,,,,,,
2025-11-16,,,,,,,,,,,,
2025-11-17,,,,,,,,,,,,
2025-11-18,,,,,,,,,,,,
2025-11-19,,,,,,,,,,,,
2025-11-20,,,,,,,,,,,,
2025-11-21,,,,,,,,,,,,
2025-11-22,,,,1549.0,1583.0,1565.4,1849.0,1937.0,1898.142857142857,,,
2025-11-23,,,,1576.0,1583.0,1579.6666666666667,,,,,,
2025-11-24,,,,,,,,,,,,
2025-11-25,,,,,,,,,,,,
2025-11-26,,,,,,,,,,,,
2025-11-27,,,,,,,,,,,,
2025-11-28,,,,,,,,,,,,
2025-11-29,,,,,,,,,,,,
2025-11-30,,,,,,,,,,,,
2025-12-01,1136.0,1136.0,1136.0,1567.0,1581.0,1574.0,,,,,,
2025-12-02,,,,,,,,,,,,
2025-12-03,,,,1548.0,1558.0,1553.0,1883.0,1883.0,1883.0,,,
2025-12-04,,,,,,,,,,,,
2025-12-05,,,,,,,,,,,,
2025-12-06,,,,,,,,,,,,
2025-12-07,,,,,,,,,,,,
2025-12-08,,,,,,,,,,,,
2025-12-09,,,,1534.0,1547.0,1540.5,,,,,,
2025-12-10,,,,,,,,,,,,
2025-12-11,,,,,,,,,,,,
2025-12-12,,,,,,,,,,,,
2025-12-13,,,,,,,,,,,,
2025-12-14,,,,,,,,,,,,
2025-12-15,,,,,,,,,,,,
2025-12-16,,,,,,,,,,,,
2025-12-17,1108.0,1108.0,1108.0,,,,,,,,,
2025-12-18,,,,,,,,,,,,
2025-12-19,,,,,,,,,,,,
2025-12-20,,,,,,,,,,,,
2025-12-21,,,,,,,,,,,,
2025-12-22,,,,1532.0,1532.0,1532.0,,,,,,
2025-12-23,,,,,,,,,,,,
2025-12-24,,,,,,,,,,,,
2025-12-25,,,,,,,,,,,,
2025-12-26,,,,,,,,,,,,
2025-12-27,,,,,,,,,,,,
2025-12-28,,,,,,,,,,,,
2025-12-29,,,,,,,,,,,,
2025-12-30,,,,,,,,,,,,
2025-12-31,,,,,,,,,,,,
2026-01-01,,,,,,,,,,,,
2026-01-02,,,,,,,,,,,,
2026-01-03,,,,,,,,,,,,
2026-01-04,,,,,,,,,,,,
2026-01-05,,,,,,,,,,,,
2026-01-06,,,,,,,,,,,,
2026-01-07,,,,,,,,,,,,
2026-01-08,,,,,,,,,,,,
2026-01-09,,,,,,,,,,,,
2026-01-10,,,,,,,,,,,,
2026-01-11,,,,,,,,,,,,
2026-01-12,,,,,,,,,,,,
2026-01-13,,,,,,,,,,,,
2026-01-14,,,,,,,,,,,,
2026-01-15,,,,1537.0,1566.0,1549.4,,,,,,
2026-01-16,,,,,,,,,,,,
2026-01-17,,,,,,,,,,,,
2026-01-18,,,,,,,,,,,,
2026-01-19,,,,,,,,,,,,
2026-01-20,,,,,,,,,,,,
2026-01-21,,,,,,,,,,,,
2026-01-22,,,,,,,,,,,,
2026-01-23,,,,,,,,,,,,
2026-01-24,,,,,,,,,,,,
2026-01-25,,,,,,,,,,,,
2026-01-26,,,,,,,,,,,,
2026-01-27,,,,,,,,,,,,
2026-01-28,,,,,,,,,,,,
2026-01-29,,,,,,,,,,,,
2026-01-30,,,,,,,,,,,,
2026-01-31,,,,,,,,,,,,
2026-02-01,,,,,,,,,,,,
2026-02-02,,,,,,,,,,,,
2026-02-03,,,,,,,,,,,,
2026-02-04,,,,,,,,,,,,
2026-02-05,,,,,,,,,,,,
2026-02-06,,,,,,,,,,,,
2026-02-07,,,,,,,,,,,,
2026-02-08,,,,,,,,,,,,
2026-02-09,,,,,,,,,,,,
2026-02-10,,,,,,,,,,,,
2026-02-11,,,,,,,,,,,,
2026-02-12,,,,,,,,,,,,
2026-02-13,,,,,,,,,,,,
2026-02-14,,,,,,,,,,,,
2026-02-15,,,,,,,,,,,,
2026-02-16,,,,,,,,,,,,
2026-02-17,,,,,,,,,,,,
2026-02-18,,,,,,,,,,,,
2026-02-19,,,,,,,,,,,,
2026-02-20,,,,,,,,,,,,
2026-02-21,,,,,,,,,,,,
2026-02-22,,,,,,,,,,,,
2026-02-23,,,,,,,,,,,,
2026-02-24,,,,,,,,,,,,
2026-02-25,,,,,,,,,,,,
2026-02-26,,,,,,,,,,,,
2026-02-27,,,,,,,,,,,,
2026-02-28,,,,,,,,,,,,
2026-03-01,,,,,,,,,,,,
2026-03-02,,,,,,,,,,,,
2026-03-03,,,,,,,,,,,,
2026-03-04,,,,,,,,,,,,
2026-03-05,,,,,,,,,,,,
2026-03-06,,,,,,,,,,,,
2026-03-07,,,,,,,,,,,,
2026-03-08,,,,,,,,,,,,
2026-03-09,,,,,,,,,,,,
2026-03-10,,,,,,,,,,,,
2026-03-11,,,,,,,,,,,,
2026-03-12,,,,,,,,,,,,
2026-03-13,,,,,,,,,,,,
2026-03-14,,,,,,,,,,,,
2026-03-15,,,,,,,,,,,,
2026-03-16,,,,,,,,,,,,
2026-03-17,,,,,,,,,,,,
2026-03-18,,,,,,,,,,,,
2026-03-19,,,,,,,,,,,,
2026-03-20,,,,,,,,,,,,
2026-03-21,,,,,,,,,,,,
2026-03-22,,,,,,,,,,,,
2026-03-23,,,,,,,,,,,,
2026-03-24,,,,,,,,,,,,
2026-03-25,,,,,,,1903.0,1938.0,1918.6666666666667,,,
2026-03-26,,,,,,,,,,,,
2026-03-27,,,,,,,,,,,,
2026-03-28,,,,,,,,,,,,
2026-03-29,,,,1531.0,1550.0,1541.25,,,,,,
2026-03-30,,,,,,,,,,,,
2026-03-31,,,,,,,,,,,,
